﻿实例ID,活跃用户数,主题标签
mastodon.online,352,"ukraine,japan,us,news,USA"
imastodon.net,63,"imas_official_bot,idolmaster,シャニマス,奈緒のお天気,シャニソン"
mstdn.social,577,"NowPlaying,searchlightradio,News,Ukraine,oregon"
mas.to,335,"vg,trackcheerlights,avisanordland,nrknyheter,theguardian"
fosstodon.org,192,"opensource,linux,arduino,arduinolibs,adventofcode"
chaos.social,594,"38C3,pastpuzzle,seite42,vegan,photography"
wxw.moe,522,"给我干哪儿来了这还是博德之门吗,金盏花之路,新書消息,hq同人串,同人猫七零八落碎碎念"
mastodon.world,220,"știri,vsn,travel,history,romania"
infosec.exchange,523,"infosec,cybersecurity,mastodon,ransomware,cyber"
pawoo.net,279,"pixiv,anime,aiart,ai,イラスト"
mastodon.art,297,"MastoArt,art,drawing,photography,DigitalArt"
universeodon.com,118,"roc,heavymetal,metal,spaceweather,suninfo"
mamot.fr,188,"nowplaying,rx3,photographie,insoumis,giletsjaunes"
mastodon-japan.net,125,"ニュース,cat,政治,市原市,Yahooニュース"
c.im,32,"Ohio,Columbus,art,FilmMastodon,photography"
mastodonapp.uk,71,"nowplaying,news,bbc,bbc6music,nejobs"
planet.moe,154,"아무말,견주기,겜스토돈,윸_노래,피크민블룸"
vocalodon.net,49,"ボカロ丼自己紹介タイム,narouN5440JM,narou,ニコニコ動画,わいちゃん神絵師への道"
social.tchncs.de,90,"TeamInfoSec,cyberangriff,teamdatenschutz,dsgvoportal,gaming"
brighteon.social,39,"NoMoreLiberalsAndNDP,SayingTheQuietPartOutLoud,ResignTrudeau,JustSayNoMore,HeadlineOptics"
hachyderm.io,227,"Monsterdon,adventofcode,ai,programming,dotnet"
troet.cafe,449,"berlinerzeitung,formel1,erlangen,photography,FotoVorschlag"
sfba.social,118,"comics,photography,california,comicbooks,sanfrancisco"
norden.social,256,"hamburg,goodnews,goodmoodnews,fdp,pastpuzzle"
spinster.xyz,55,"fridayfunnies,teamterf,caturday,transcult,peaktrans"
piaille.fr,334,"patrimoine,catsofmastodon,mastocats,monumenthistorique,Cats"
aus.social,230,"auspol,australia,podcasts,qldpol,podcast"
social.vivaldi.net,185,"ビバ丼,おうどんラジオ,photography,nfl,disaster"
framapiaf.org,43,"ironeme,ironemes,bot,rpi_bot,munin"
o3o.ca,225,"小狗心脏修复中,馆小姐的观测记录,馆小姐的书架,中午吃啥,剪刀十元一把"
wandering.shop,45,"Monsterdon,writerscoffeeclub,scifi,fantasy,sciencefiction"
mastodon.scot,114,"scotland,music,totp,radio,scottishindependence"
freeatlantis.com,23,"musicAtlantis,dei,Doge,news,Crypto"
mastodon.nl,189,"nowplaying,jazzdeville,groove,nieuws,chill"
social.mikutter.hachune.net,24,"今日の百貫デブ,bot,teocraft,nowplaying,室長債"
pokemon.mastportal.info,69,"ポケくじ,ポケモンgo,びぃとさんぽ,ポケマス挨拶部,pokereason"
mstdn.ca,346,"canada,cdnpoli,ontario,lfc,toronto"
mastodon.gamedev.place,128,"gamedev,indiedev,indiegame,pixelart,godotengine"
mstdn.guru,21,"consadole,hhkb,scansnap,aquos,ひらくpcリュック"
beige.party,149,"news,music,HashtagGames,generativeart,fediversalpictures"
varishangout.net,68,"lewd,cosplay,コスプレ,girl,anime"
mental.social,34,"精神疾患を持つ人と繋がりたい,nowplaying,入場無料,ハウス加賀谷と楽しみたい方大募集,どなたでもお気軽にどうぞ"
g0v.social,71,"premier12,baseball,nowplaying,waffleroyalty,生靈師"
mathstodon.xyz,20,"math,itp,maths,IsabelleHOL,page42"
toot.blue,36,"おはようございマストドン,環境保護,sdgs,クリック募金,絶滅危惧種"
ika.queloud.net,20,"イカトドンしごおわ報告会,splatoon3,おはめんみ部,サーモンラン,野球部"
social.lol,38,"photography,stickerart,streetart,sticker,bluesky"
quokka.city,67,"sashimi,naydra,holecore,yaaaaaaay,sickandtwisted"
blorbo.social,69,"DigitalArt,digital,artistsonmastodon,commission,maricodraws"
mona.do,24,"嗼嗼海产杯,J的游戏日记,moGN2024,moGN,嗼超联赛"
wetdry.world,87,"art,nintendo,NintendoSwitch,positive,onedayatatime"
masto.es,132,"mastodon,madrid,fediverse,carabanchel,literatura"
famichiki.jp,34,"japan,photography,editing,CatsOfMastodon,chikiwrapped"
social.xenofem.me,31,"nothingbutblackmetaldecember,nonyxdecember,nonyxnovember,indierock,twee"
misskey.io,37,无
mastodon.social,7057,"adsb,nowplaying,news,abovefrl,ehlw"
mastodon.uno,200,"satira,unoradio,politica,ai,ilfattoquotidiano"
jorts.horse,20,"Monsterdon,thephantomplanet,phantomplanet,SlumilNews,theratkinginyellow"
mastodon.nu,44,"settochhort,millennium,svpol,music,proje"
noauthority.social,254,"edm,acid,electro,idm,elonmusk"
mastodon.ie,111,"ge24,ireland,mastodaoine,ge2024,strictly"
mastodon.nz,61,"JukeboxFridayNight,nzpol,promises,Togetherness,kotahitanga"
ponies.social,21,"rotl24,gamecenter,radiofriendship,rotl2024,hwp24"
ursal.zone,26,"ngl,confissoesanonimas,mastofut,botafogofr,sextaserie"
shitposter.world,38,"edm,idm,acid,electro,nsfw"
nrw.social,91,"Music,classic,pastpuzzle,Aachen,photography"
zug.network,22,"nowtrawelling,travelynx,cinturadifallimento,at,e11"
mastoxiv.page,122,blacklivesmatter
paquita.masto.host,55,"rogule,literaverso,bookstodon,paquiters,lecturascasaarbol"
kind.social,37,"wordweavers,mtg,magicthegathering,music,paxunplugged"
lepoulsdumonde.com,26,info_travaux
dice.camp,89,"ttrpg,DnD,rpg,dnd5e,osr"
livellosegreto.it,29,"retrogaming,Bordighera,videogiochi,discoDelGiorno,roma"
