﻿发起实例,目标实例,互动次数
mastodon.social,mastodon.social,19381
fosstodon.org,fosstodon.org,376
spinster.xyz,spinster.xyz,1082
freeatlantis.com,freeatlantis.com,61
social.tchncs.de,social.tchncs.de,186
piaille.fr,piaille.fr,751
mona.do,mona.do,81
poliverso.org,mastodon.uno,2
microbe.vital.org.nz,mastodon.nz,1
planetrage.social,freeatlantis.com,1
outmo.de,chaos.social,1
fediverse.omaramin.me,mastodon.social,2
pleroma.al45tair.net,mastodon.social,1
pleroma.1of444.top,mathstodon.xyz,1
gotf.at,mastodon.art,1
enby.army,infosec.exchange,1
friendica.ca,mastodon.social,1
mastodon.scot,mastodon.scot,116
mastodon.gamedev.place,mastodon.gamedev.place,253
g0v.social,g0v.social,77
wetdry.world,wetdry.world,191
mastodon.nl,mastodon.nl,248
masto.es,masto.es,231
floofy.tech,wetdry.world,3
quokka.city,quokka.city,295
pleroma.m68k.church,infosec.exchange,1
pleroma.m68k.church,hachyderm.io,1
misskey.io,misskey.io,8
aus.social,aus.social,396
mastodon.uno,mastodon.uno,76
mstdn.ca,indieweb.social,12
mstdn.social,mstdn.social,2157
infosec.exchange,infosec.exchange,870
mastodon-japan.net,mastodon-japan.net,173
social.mikutter.hachune.net,social.mikutter.hachune.net,167
wxw.moe,wxw.moe,5235
pawoo.net,pawoo.net,839
vocalodon.net,vocalodon.net,57
beige.party,beige.party,210
varishangout.net,varishangout.net,1009
freesoftwareextremist.com,shitposter.world,6
mas.to,mas.to,1243
mastodon.online,mastodon.online,2388
chaosfem.tw,beige.party,9
chaosfem.tw,mastodon.social,12
chaosfem.tw,dice.camp,3
social.xenofem.me,social.xenofem.me,112
social.xenofem.me,brain.worm.pink,9
jorts.horse,jorts.horse,32
o3o.ca,o3o.ca,901
chaosfem.tw,hachyderm.io,9
spinster.xyz,alive.bar,3
mastodon.world,mastodon.world,816
hachyderm.io,hachyderm.io,672
ak.ari.lt,wetdry.world,3
mastodonapp.uk,mastodonapp.uk,263
universeodon.com,universeodon.com,189
eientei.org,varishangout.net,7
troet.cafe,troet.cafe,551
shitposter.world,norwoodzero.net,3
shitposter.world,poa.st,40
shitposter.world,shitposter.world,159
shitposter.world,declin.eu,1
shitposter.world,fedi.layer02.net,8
shitposter.world,nicecrew.digital,23
shitposter.world,mk.absturztau.be,1
shitposter.world,pl.kotobank.ch,1
shitposter.world,mai.waifuism.life,5
shitposter.world,cawfee.club,7
shitposter.world,clubcyberia.co,18
shitposter.world,fedi.furfag.biz,1
mastodon.de,sfba.social,3
mastodon.de,beige.party,1
mastodon.de,mastodon.nz,1
spinster.xyz,freeatlantis.com,2
c.im,c.im,102
netzsphaere.xyz,freeatlantis.com,2
dica.interfel.de,mstdn.social,1
ursal.zone,ursal.zone,20
imastodon.net,imastodon.net,123
planet.moe,planet.moe,913
mathstodon.xyz,mathstodon.xyz,40
social.lol,social.lol,28
zug.network,zug.network,45
mstdn.ca,follow.ethanmarcotte.com,1
mstdn.ca,mstdn.ca,1385
mstdn.ca,mstdn.ryanrobinson.ca,2
mstdn.ca,mastodon.social,666
mstdn.ca,bsky.brid.gy,8
mamot.fr,mamot.fr,548
social.vivaldi.net,social.vivaldi.net,688
paquita.masto.host,paquita.masto.host,137
blorbo.social,blorbo.social,87
mstdn.guru,mstdn.guru,11
nrw.social,nrw.social,106
social.gibiris.org,wandering.shop,2
chaos.social,chaos.social,799
brain.worm.pink,wetdry.world,7
mastodon.art,mastodon.art,471
mastodon.ie,mastodon.ie,138
sfba.social,sfba.social,220
mstdn.ca,tech.lgbt,29
mstdn.ca,beige.party,285
mstdn.ca,mastodon.online,85
mstdn.ca,thepit.social,13
mstdn.ca,caneandable.social,46
mstdn.ca,octodon.social,12
mstdn.ca,social.linux.pizza,4
mstdn.ca,dragonscave.space,43
mstdn.ca,sfba.social,58
mstdn.ca,newsie.social,23
shortstacksran.ch,noauthority.social,1
friendica.katholisch.social,fosstodon.org,1
kind.social,kind.social,48
wandering.shop,wandering.shop,87
mstdn.ca,mastodon.world,58
mstdn.ca,freeradical.zone,2
mstdn.ca,fosstodon.org,25
spinster.xyz,poa.st,13
mstdn.ca,ohai.social,30
mstdn.ca,zirk.us,9
mstdn.ca,wandering.shop,30
shortstacksran.ch,varishangout.net,2
shortstacksran.ch,spinster.xyz,1
mastodon.nz,mastodon.nz,73
donotsta.re,mas.to,1
mstdn.ca,todon.eu,1
mstdn.ca,social.coop,13
mstdn.ca,social.cologne,1
spinster.xyz,noauthority.social,29
mstdn.ca,hachyderm.io,30
mstdn.ca,jasette.facil.services,7
mastodon.nu,mastodon.nu,90
mstdn.ca,hear-me.social,10
norden.social,norden.social,303
netzsphaere.xyz,shitposter.world,10
framapiaf.org,framapiaf.org,62
chaosfem.tw,mas.to,2
detroitriotcity.com,varishangout.net,6
spinster.xyz,bgme.me,1
noauthority.social,noauthority.social,308
chaosfem.tw,mstdn.social,3
spinster.xyz,hispagatos.space,1
donotsta.re,wetdry.world,3
famichiki.jp,famichiki.jp,25
social.xenofem.me,hellspawn.gay,2
decayable.ink,shitposter.world,11
annihilation.social,social.vivaldi.net,8
annihilation.social,noauthority.social,49
mstdn.ca,universeodon.com,64
mstdn.ca,mas.to,88
mstdn.ca,calckey.world,9
mstdn.ca,fwoof.space,13
mstdn.ca,mastodon.scot,8
mstdn.ca,mstdn.moimeme.ca,41
eveningzoo.club,noauthority.social,9
mstdn.ca,toots.ravenoak.dev,1
mstdn.ca,infosec.exchange,94
mstdn.ca,mastodon.bsd.cafe,9
mstdn.ca,cosocial.ca,34
mstdn.ca,toot.wales,10
mstdn.ca,sigmoid.social,1
mstdn.ca,socialbc.ca,1
mstdn.ca,toot.io,3
mstdn.ca,veganism.social,2
mstdn.ca,mastodon.sdf.org,20
mstdn.ca,hostux.social,2
mstdn.ca,sportsbots.xyz,14
mstdn.ca,stefanbohacek.online,2
mstdn.ca,toot.cat,7
mstdn.ca,theblower.au,10
mstdn.ca,mstdn.social,140
mstdn.ca,ruby.social,1
mstdn.ca,toot.community,6
dice.camp,dice.camp,135
ponies.social,ponies.social,15
freesoftwareextremist.com,social.xenofem.me,1
freesoftwareextremist.com,infosec.exchange,1
freesoftwareextremist.com,mastodon.online,2
social.xenofem.me,hollow.raccoon.quest,1
lebalkon.de,norden.social,1
mstdn.ca,disabled.social,13
mstdn.ca,mapstodon.space,5
mstdn.ca,social.ridetrans.it,3
mstdn.ca,mastodonapp.uk,7
mstdn.ca,lonestar.chat,2
mstdn.ca,historians.social,8
spinster.xyz,shitposter.world,34
lepoulsdumonde.com,lepoulsdumonde.com,334
mstdn.ca,zeroes.ca,53
mstdn.ca,tldr.nettime.org,5
mstdn.ca,techhub.social,21
mstdn.ca,urbanists.social,8
mstdn.ca,mastodon.cloud,6
mstdn.ca,social.tchncs.de,7
mstdn.ca,hackers.town,4
mstdn.ca,ieji.de,4
mstdn.ca,yeg.bike,14
mstdn.ca,ecoevo.social,1
mstdn.ca,mastodon.me.uk,10
mstdn.ca,flipboard.com,41
inanimate.brainworms.nl,kind.social,1
lia.fail,piaille.fr,1
follow.agwa.name,mastodon.social,1
mental.social,mental.social,8
mstdn.ca,mastodon.au,11
mstdn.ca,pagan.plus,4
mstdn.ca,mastodon.ie,12
mstdn.ca,avgeek.social,1
mstdn.ca,fedi.adamm.cc,14
mstdn.ca,social.chinwag.org,2
toot.blue,toot.blue,77
livellosegreto.it,livellosegreto.it,20
tinylad.social,mastodon.social,2
social.kernel.org,fosstodon.org,1
mastodon.de,chaos.social,8
mastodon.de,mastodon.social,17
mastodon.de,troet.cafe,25
social.earth.li,chaos.social,1
pleroma.soykaf.com,shitposter.world,4
spinster.xyz,bird.makeup,1
shitpost.cloud,shitposter.world,6
mstdn.ca,mastodon.green,8
mstdn.ca,oliphant.social,1
mstdn.ca,oc.todon.fr,1
mstdn.ca,mstdn.party,9
spinster.xyz,gleasonator.com,1
social.xenofem.me,greatape.casa,1
mstdn.ca,c.im,26
mstdn.ca,mstdn.games,11
mstdn.ca,mstdn.chrisalemany.ca,21
mstdn.ca,tvwatch.party,4
expressional.social,mstdn.social,10
expressional.social,hachyderm.io,2
mstdn.ca,autistics.life,3
mstdn.ca,mast.hpc.social,2
mstdn.ca,ottawa.place,49
mstdn.ca,nextham.duckdns.org,6
mstdn.ca,en.osm.town,2
mstdn.ca,m.ai6yr.org,19
mstdn.ca,doomscroller.social,4
mstdn.ca,climatejustice.social,7
mstdn.ca,babka.social,8
mstdn.ca,setouchi.social,1
mstdn.ca,g0v.social,2
mstdn.ca,theatl.social,1
mstdn.ca,rssfeed.media,3
eientei.org,shitposter.world,10
annihilation.social,freeatlantis.com,14
fedi.furfag.biz,shitposter.world,2
mstdn.ca,deacon.social,2
mstdn.ca,rail.chat,1
mstdn.ca,flipboard.social,3
chaosfem.tw,mastodon.scot,1
mstdn.ca,hci.social,4
mstdn.ca,tweesecake.social,28
mstdn.ca,types.pl,8
annihilation.social,spinster.xyz,13
mastodon.de,social.tchncs.de,7
thegoatery.dyndns.org,mas.to,1
mstdn.ca,mastodon.nz,15
mstdn.ca,econtwitter.net,4
annihilation.social,shitposter.world,28
detroitriotcity.com,noauthority.social,5
detroitriotcity.com,mastodon.social,1
detroitriotcity.com,shitposter.world,7
mstdn.ca,mas.corq.co,2
pokemon.mastportal.info,pokemon.mastportal.info,34
mstdn.ca,journa.host,16
mstdn.ca,thecanadian.social,20
mstdn.ca,isfeeling.social,1
social.trom.tf,fosstodon.org,1
mstdn.ca,socel.net,1
mstdn.ca,glasgow.social,1
social.vlhl.dev,hachyderm.io,2
girlboss.gaslight.love,noauthority.social,1
spinster.xyz,imm.erge.to,2
pleroma.autogeree.net,mathstodon.xyz,1
mstdn.ca,fedi.ml,1
mstdn.ca,neuromatch.social,4
mstdn.ca,aus.social,34
mstdn.ca,nerdculture.de,2
mstdn.ca,better.boston,2
allovertheplace.ca,mstdn.ca,2
mstdn.ca,neurodifferent.me,2
mstdn.ca,meow.social,2
mstdn.ca,social.horrorhub.club,2
mstdn.ca,genomic.social,3
mstdn.ca,floss.social,2
mstdn.ca,bofh.social,1
mstdn.ca,apobangpo.space,2
pkteerium.xyz,freeatlantis.com,2
mastodon.de,norden.social,12
mstdn.ca,toottoot.eu,1
mstdn.ca,threads.net,21
mstdn.ca,masto.deoan.org,1
yourwalls.today,shitposter.world,1
mstdn.ca,gaypirates.club,1
akk.fedcast.ch,chaos.social,2
akk.fedcast.ch,troet.cafe,1
akk.fedcast.ch,mastodon.online,2
akk.fedcast.ch,mastodon.world,1
mstdn.ca,not.an.evilcyberhacker.net,1
mstdn.ca,friendica.myportal.social,4
mstdn.ca,venera.social,2
mstdn.ca,crooklyn.social,2
mstdn.ca,christmas.tattoo,2
mstdn.ca,witter.cz,4
mstdn.ca,masto.ai,30
social.xenofem.me,fedi.aria.dog,1
social.xenofem.me,netzsphaere.xyz,3
wspanialy.eu,mastodon.online,1
seal.cafe,shitposter.world,11
mstdn.ca,convo.casa,2
mstdn.ca,bookstodon.com,4
mstdn.ca,sauropods.win,23
mstdn.ca,turtleisland.social,4
mstdn.ca,woof.group,2
mstdn.ca,growers.social,2
mstdn.ca,mastodon.uno,2
mstdn.ca,mindly.social,18
mstdn.ca,wetdry.world,1
mstdn.ca,todon.nl,2
mstdn.ca,fnordon.de,2
brain.worm.pink,social.xenofem.me,6
mstdn.ca,mamot.fr,7
mstdn.ca,masto.pt,1
mstdn.ca,berlin.social,1
mstdn.ca,vt.social,1
mstdn.ca,lgbtqia.space,7
mstdn.ca,kitty.social,2
genserver.social,mastodon.nz,1
mstdn.ca,med-mastodon.com,10
mstdn.ca,archaeo.social,1
mstdn.ca,pawb.fun,3
pkteerium.xyz,noauthority.social,1
mstdn.ca,cupoftea.social,4
friendica.eskimo.com,mastodon.social,3
ak.kazuma.family,mastodon.social,1
social.nomagic.uk,mamot.fr,1
pleroma.pch.net,mastodon.online,1
500plus.slavistapl.eu.org,mastodon.social,1
foxylo.xyz,mastodon.scot,1
pleroma.zabaglione.net,mastodon.social,1
fedi.feministwiki.org,shitposter.world,1
mstdn.ca,famichiki.jp,36
mstdn.ca,mstdn.plus,1
djsumdog.com,shitposter.world,3
shitposter.world,shitpost.cloud,2
shitposter.world,varishangout.net,14
shitposter.world,girlboss.gaslight.love,2
shitposter.world,lizards.live,5
shitposter.world,mugicha.club,3
shitposter.world,snac.lab8.cz,2
shitposter.world,clew.lol,4
mstdn.ca,social.mushroomfm.com,2
decayable.ink,misskey.io,1
declin.eu,shitposter.world,2
vocalfry.social,infosec.exchange,1
mstdn.ca,calckeymusic.social,1
mstdn.ca,epistolary.org,1
mstdn.ca,pixelfed.de,1
mstdn.ca,qoto.org,4
gigaohm.bio,spinster.xyz,1
mstdn.ca,social.bau-ha.us,1
mstdn.ca,me.dm,3
mstdn.ca,toad.social,8
ika.queloud.net,ika.queloud.net,6
hellspawn.gay,wetdry.world,4
kooapp.org,mastodon.social,4
kooapp.org,ursal.zone,1
spinster.xyz,cawfee.club,6
mstdn.ca,social.dinn.ca,10
mstdn.ca,social.vivaldi.net,12
spinster.xyz,genderheretics.xyz,2
social.fabienphoto.eu,piaille.fr,2
fedi.worf.win,mastodon.social,2
mstdn.ca,mastodon.murkworks.net,1
mstdn.ca,retro.pizza,2
mstdn.ca,spacey.space,1
mstdn.ca,kind.social,9
mstdn.ca,petrous.vislae.town,3
mstdn.ca,fed.sbcloud.cc,1
mstdn.ca,stranger.social,11
mstdn.ca,cutie.city,2
mstdn.ca,evil.social,1
mstdn.ca,dads.cool,2
tuusin.misono-ya.info,shitposter.world,23
eveningzoo.club,freeatlantis.com,1
mstdn.ca,boing.world,1
mstdn.ca,dice.camp,5
mstdn.ca,xoxo.zone,3
mstdn.ca,krigskunst.social,2
mstdn.ca,progressivecafe.social,2
mstdn.ca,ioc.exchange,2
mstdn.ca,digipres.club,1
spinster.xyz,mastodon.online,1
mstdn.ca,mastodon.stevesworld.co,2
mstdn.ca,cloudisland.nz,4
mstdn.ca,vmst.io,5
wspanialy.eu,mastodon.social,1
fediverse.randomfoo.net,mathstodon.xyz,1
mstdn.ca,shumai.xyz,1
mstdn.ca,scholar.social,6
mstdn.ca,mastodon.stickbear.me,22
mstdn.ca,polyglot.city,1
girlboss.gaslight.love,mastodon.world,4
mstdn.ca,handmade.social,2
mstdn.ca,appdot.net,4
mstdn.ca,social.lol,3
mstdn.ca,troet.cafe,3
mstdn.ca,sunny.garden,10
mstdn.ca,lemm.ee,1
mstdn.ca,NerdJoy.social,3
mastodon.de,infosec.exchange,2
social.immibis.com,fosstodon.org,1
mastodon.de,nrw.social,1
mastodon.de,mastodon.online,5
mstdn.ca,mstdn.c4jhr.org,4
mstdn.ca,saturation.social,3
mstdn.ca,oldfriends.live,5
socially.drinkingatmy.computer,wetdry.world,1
norwoodzero.net,shitposter.world,4
mstdn.ca,mastodon.hams.social,2
mstdn.ca,mstd.seungjin.net,1
mstdn.ca,bbq.snoot.com,1
mstdn.ca,eldritch.cafe,2
mstdn.ca,flipping.rocks,4
mstdn.ca,autisticnomad.social,1
mstdn.ca,brettspiel.space,1
mstdn.ca,mastodon.ml,1
mstdn.ca,bluenoser.me,1
social.vlhl.dev,wetdry.world,1
mstdn.ca,vive.im,1
infosec.place,mastodon.social,1
pleroma.elinvention.ovh,social.lol,1
mstdn.ca,sciencemastodon.com,1
mstdn.ca,social.joelle.us,2
mstdn.ca,kolektiva.social,32
mstdn.ca,fediscience.org,11
mstdn.ca,helvede.net,1
mstdn.ca,dotnet.social,1
mstdn.ca,social.hnws.me,1
mstdn.ca,federate.social,3
mstdn.ca,mastodon.de,6
awkward.place,fosstodon.org,1
eveningzoo.club,varishangout.net,1
spinster.xyz,fedi.feministwiki.org,2
shortstacksran.ch,shitposter.world,3
drax.sh,shitposter.world,1
mastodon.stickbear.me,mastodon.social,2
mastodon.stickbear.me,universeodon.com,2
mstdn.ca,io.mwl.io,2
mstdn.ca,allovertheplace.ca,3
inanimate.brainworms.nl,wetdry.world,2
mastobate.social,mastodon.social,1
social.labmonkeys.space,infosec.exchange,2
mstdn.ca,mastodon.radio,5
gearlandia.haus,varishangout.net,4
corteximplant.net,infosec.exchange,1
spinster.xyz,gigaohm.bio,1
netzsphaere.xyz,social.xenofem.me,5
lain.com,shitposter.world,3
lain.com,varishangout.net,2
mstdn.ca,oceanplayground.social,7
fops.cloud,shitposter.world,2
mstdn.ca,chaos.social,3
akk.fedcast.ch,social.tchncs.de,2
mstdn.ca,mastodon.transneptune.net,1
post.ebin.club,shitposter.world,1
mstdn.ca,retro.social,1
mstdn.ca,toot.bike,1
mstdn.ca,mathstodon.xyz,4
mstdn.ca,tdd.social,2
mstdn.ca,alaskan.social,2
gigaohm.bio,noauthority.social,2
yourwalls.today,social.xenofem.me,1
social.shadowkat.net,fosstodon.org,3
seal.cafe,chaos.social,1
shigusegubu.club,shitposter.world,7
masto.ink,mastodon.online,1
eveningzoo.club,shitposter.world,5
mstdn.ca,mastodon.cc,1
mstdn.ca,mastodon.nl,1
spinster.xyz,beige.party,1
mastodon.de,mas.to,4
bidule.menf.in,piaille.fr,1
corteximplant.net,mastodon.social,1
kfogel.org,sfba.social,1
pleroma.tcweb.org,mamot.fr,1
social.incenp.org,mamot.fr,1
brettvormkopf.de,mastodon.social,1
follow.agwa.name,mastodon.nz,1
s.firecat53.net,mastodon.social,1
social.brendans-bits.com,hachyderm.io,2
fedi.ml,mas.to,1
friend.enby-box.de,mastodon.social,1
shitposter.world,stereophonic.space,2
shitposter.world,annihilation.social,7
girlboss.gaslight.love,infosec.exchange,1
udongein.xyz,hachyderm.io,1
shitposter.world,mostr.pub,3
shitposter.world,mitra.taihou.website,11
shitposter.world,mk.magicka.org,3
shitposter.world,seal.cafe,7
shitposter.world,gearlandia.haus,1
shitposter.world,posting.lolicon.rocks,1
shitposter.world,detroitriotcity.com,5
shitposter.world,floss.social,1
mstdn.ca,trekkies.social,1
fedi.jametek.com,chaos.social,1
mstdn.ca,pubeurope.com,1
mstdn.ca,mastodon.kevga.de,1
mstdn.ca,guelph.social,1
social.caruso.one,mastodonapp.uk,1
spinster.xyz,mitra.taihou.website,3
spinster.xyz,wl0.9ch.nl,2
mstdn.ca,social.haugenh.us,2
mstdn.ca,cathode.church,2
mstdn.ca,exquisite.social,1
mstdn.ca,chirp.enworld.org,1
mstdn.ca,mastodon.nu,3
mstdn.ca,pennytucker.social,2
mstdn.ca,gnulinux.social,1
mstdn.ca,spore.social,11
spinster.xyz,gameliberty.club,1
spinster.xyz,seal.cafe,1
mstdn.ca,mastodon.la,1
fe.disroot.org,masto.es,1
floofy.tech,chaos.social,1
seal.cafe,noauthority.social,2
social.xenofem.me,yourwalls.today,1
mstdn.ca,toot.cafe,5
girlboss.gaslight.love,varishangout.net,1
mstdn.ca,linuxrocks.online,2
mstdn.ca,photog.social,6
ak.ari.lt,mastodon.social,1
akkoma.jonoabroad.com,hachyderm.io,2
akkoma.jonoabroad.com,mastodon.online,2
snack.social,mastodon.gamedev.place,1
mstdn.ca,social.afront.org,3
mstdn.ca,social.growyourown.services,2
mstdn.ca,marimoko.biz,1
friendica.vrije-mens.org,mastodon.uno,1
social.xenofem.me,pl.kotobank.ch,1
mstdn.ca,chitter.xyz,1
udongein.xyz,social.xenofem.me,2
mstdn.ca,a2mi.social,1
wisteria.cafe,blorbo.social,1
mstdn.ca,friendsofdesoto.social,2
mstdn.ca,mastodon.xyz,1
expressional.social,mastodon.gamedev.place,1
majestic12.airforce,shitposter.world,1
hellspawn.gay,mastodon.art,1
mstdn.ca,old.mermaid.town,1
mstdn.ca,episcodon.net,1
mstdn.ca,ni.hil.ist,4
mstdn.ca,pixelfed.social,3
djsumdog.com,noauthority.social,1
mastodon.de,hachyderm.io,1
mstdn.ca,indiepocalypse.social,1
mstdn.ca,birdbutt.com,2
mstdn.ca,awscommunity.social,6
mstdn.ca,groupe-tazor.com,2
mstdn.ca,astrodon.social,2
mstdn.ca,ruhr.social,2
spinster.xyz,m.cmx.im,1
nationalist.social,noauthority.social,1
akkoma.dogphilosophy.net,mastodon.social,1
spinster.xyz,nicecrew.digital,1
spinster.xyz,mostr.pub,1
mstdn.ca,localization.cafe,1
mstdn.ca,androiddev.social,4
mstdn.ca,mastodon.hongkongers.net,3
mstdn.ca,mstdn.kevinthetechguy.ca,1
iddqd.social,shitposter.world,1
spinster.xyz,mstdn.social,1
masto.ink,mastodon.social,1
toastedlord.duckdns.org,mastodon.social,1
decayable.ink,noauthority.social,1
mstdn.ca,girlcock.club,1
mstdn.ca,mastodon.gamedev.place,7
mstdn.ca,curmudgeon.cafe,2
shitpost.cloud,noauthority.social,2
floofy.tech,mastodon.social,1
fedi.jankjellin.se,mastodon.nu,1
girlboss.gaslight.love,shitposter.world,4
miraiverse.xyz,mas.to,1
shitpost.cloud,freeatlantis.com,1
mstdn.ca,masto.canadiancivil.com,5
mstdn.ca,toolsforthought.social,2
mastodon.de,mstdn.ca,1
tsukihi.me,mastodon.social,1
tsukihi.me,livellosegreto.it,1
mastodon.stickbear.me,mastodon.online,1
mstdn.ca,dialup.cafe,1
mstdn.ca,defcon.social,6
mstdn.ca,kinky.business,1
expressional.social,mastodon.social,3
fedi.absturztau.be,shitposter.world,1
chaosfem.tw,infosec.exchange,2
mastodon.stickbear.me,mstdn.ca,3
mastodon.stickbear.me,kind.social,1
freesoftwareextremist.com,chaos.social,1
freesoftwareextremist.com,freeatlantis.com,1
fe.disroot.org,mastodon.social,1
mstdn.ca,sportsfeed.me,2
otr.rocks,noauthority.social,1
mstdn.ca,jazztodon.com,1
mstdn.ca,bird.makeup,6
mstdn.ca,researchbuzz.masto.host,2
mstdn.ca,toot.bldrweb.org,1
mstdn.ca,tapbots.social,3
mstdn.ca,phpc.social,2
mstdn.ca,antisocial.existentialdread.com,1
mstdn.ca,podcastindex.social,1
mstdn.ca,chaosfem.tw,3
clew.lol,noauthority.social,2
as89.it,mstdn.social,1
mstdn.ca,fedi.freakshit.org,1
mstdn.ca,mcr.wtf,2
donotsta.re,wandering.shop,1
orwell.fun,mastodon.social,1
pkteerium.xyz,shitposter.world,1
social.tudbut.de,mastodon.social,1
mstdn.ca,wikis.world,1
mstdn.ca,libretooth.gr,1
djsumdog.com,sfba.social,1
spinster.xyz,merovingian.club,1
mstdn.ca,the-crossroads-inn.com,1
mstdn.ca,layer8.space,2
social.xenofem.me,mk.absturztau.be,1
mstdn.ca,mastodon.hermitcollective.net,1
mstdn.ca,pleroma.anduin.net,1
ak.kazuma.family,wetdry.world,1
florp.social,chaos.social,1
social.xenofem.me,movsw.0x0.st,1
mstdn.ca,peoplemaking.games,1
mstdn.ca,squawk.mytransponder.com,1
spinster.xyz,lab.nyanide.com,1
mstdn.ca,securitycafe.ca,1
mstdn.ca,hugz.online,3
mstdn.ca,dair-community.social,1
mstdn.ca,posts.jacobhaddon.com,1
fedi.nlpagan.net,mastodon.online,1
pleroma.breizh.pm,mamot.fr,1
posts.jacobhaddon.com,mastodon.social,1
fed.xnor.in,mastodon.art,1
akkoma.dogphilosophy.net,mas.to,1
fedi.vale.rocks,fosstodon.org,1
social.snamellit.com,infosec.exchange,1
catgirls.party,mastodon.social,1
social.jlamothe.net,mastodon.social,1
floof.org,mastodon.social,1
mstdn.ca,ellieayla.net,1
mstdn.ca,glammr.us,1
oomfie.city,social.xenofem.me,3
shitposter.world,cum.salon,2
social.shadowfacts.net,mastodon.social,1
synapse.cafe,beige.party,1
mstdn.ca,hulvr.com,1
shitposter.world,eientei.org,2
shitposter.world,boymilk.cafe,2
shitposter.world,noauthority.social,2
shitposter.world,mk.gabe.rocks,1
shitposter.world,netzsphaere.xyz,3
shitposter.world,fsebugoutzone.org,6
shitposter.world,queer.hacktivis.me,4
shitposter.world,soc.port0.org,1
shitposter.world,wolfgirl.bar,1
shitposter.world,lab.nyanide.com,2
shitposter.world,brotka.st,3
tomkahe.com,mastodon.online,1
mstdn.ca,writing.exchange,2
mstdn.ca,cyberplace.social,3
social.xenofem.me,social.vlhl.dev,1
agora.echelon.pl,mas.to,1
pleroma.tcweb.org,mastodon.world,1
soc.hardwarepunk.de,mastodon.social,1
social.immibis.com,chaos.social,1
ill.moe,dice.camp,1
clew.lol,shitposter.world,4
girlboss.gaslight.love,social.xenofem.me,1
mstdn.ca,botsin.space,1
slon.jmq.cz,chaos.social,1
fedi.sphericalcow.space,beige.party,1
mstdn.ca,macaw.social,1
mstdn.ca,social.librem.one,1
mstdn.ca,epsilon-ix.masto.host,3
mstdn.ca,geeknews.chat,1
mstdn.ca,social.sachachua.com,1
mstdn.ca,towns.gay,1
mstdn.ca,labyrinth.zone,1
poliverso.org,livellosegreto.it,2
friendica.ca,hachyderm.io,1
chaosfem.tw,chaos.social,2
mstdn.ca,masto.es,1
mstdn.ca,podvibes.co,1
mstdn.ca,gamepad.club,2
mstdn.ca,shmg.online,2
social.mynacol.xyz,infosec.exchange,2
mastodon.de,zug.network,1
mastodon.de,mstdn.social,1
akk.fedcast.ch,mastodon.social,4
class.lunanova.dev,shitposter.world,1
soapbox.midwaytrades.com,noauthority.social,1
social.tudbut.de,chaos.social,1
mstdn.ca,eightpoint.app,2
mstdn.ca,bne.social,2
mstdn.ca,tenforward.social,6
mstdn.ca,bananachips.club,2
mstdn.ca,neko.cat,1
chaosfem.tw,mastodon.nl,2
mstdn.ca,toot.dusepo.co.uk,1
fedi.reimu.info,mas.to,1
mstdn.ca,corneill.es,1
mstdn.ca,mastodon.roundpond.net,1
mstdn.ca,forall.social,1
mstdn.ca,pxlmo.com,1
tuusin.misono-ya.info,varishangout.net,1
mstdn.ca,maly.io,1
mstdn.ca,fiera.social,1
mstdn.ca,sharkey.stellar.gay,1
mstdn.ca,hellions.cloud,1
mstdn.ca,agora.echelon.pl,1
mstdn.ca,blahaj.zone,2
mstdn.ca,micro.sadlerjw.com,2
mstdn.ca,front-end.social,1
spinster.xyz,annihilation.social,1
pleroma.breizh.pm,mastodon.social,1
social.wedistribute.org,mastodon.online,1
mstdn.ca,scicomm.xyz,1
mstdn.ca,syzito.xyz,1
mstdn.ca,toot.pikopublish.ing,1
mstdn.ca,social.chatty.monster,2
mstdn.ca,ngmx.com,1
mstdn.ca,mycrowd.ca,1
mstdn.ca,metalhead.club,1
eientei.org,freeatlantis.com,2
netzsphaere.xyz,noauthority.social,2
socially.drinkingatmy.computer,shitposter.world,1
soc.rnrd.eu,infosec.exchange,1
federated.saagarjha.com,mastodon.social,2
mstdn.ca,iaccessibility.social,2
mstdn.ca,mast.lat,1
mstdn.ca,bitbang.social,1
girlboss.gaslight.love,wetdry.world,1
mstdn.ca,masto.nyc,1
mstdn.ca,pdx.social,1
mstdn.ca,vis.social,1
mstdn.ca,shredderfood.com,1
mstdn.ca,pnw.zone,1
mstdn.ca,my-spaces.social,1
mstdn.ca,dobbs.town,2
mstdn.ca,donotsta.re,1
mstdn.ca,furry.engineer,1
fe.disroot.org,mastodon.online,1
mstdn.ca,mastodon.ar.al,1
mstdn.ca,bsd.network,4
mstdn.ca,social.butnot.today,1
mstdn.ca,fed.interfree.ca,1
mstdn.ca,goblin.camp,1
mstdn.ca,indieauthors.social,1
mstdn.ca,wellduck.me,1
mstdn.ca,procrastodon.net,1
mstdn.ca,social.wildeboer.net,2
junimo.party,mastodon.social,1
ak.ari.lt,troet.cafe,2
mastodon.stickbear.me,mstdn.social,1
mstdn.ca,mastodon.laurenweinstein.org,1
librosphere.fr,mastodon.online,1
neenster.org,spinster.xyz,1
mu.zaitcev.nu,shitposter.world,1
xn--p1abe3d.xn--80asehdb,varishangout.net,2
schmaker.eu,mstdn.social,1
fabler.su,mastodon.online,1
a.nti.social,mastodon.social,1
friends.librescrum.org,chaos.social,1
fedi.xaloc.space,masto.es,1
couch.beerriot.com,hachyderm.io,1
dica.interfel.de,chaos.social,1
social.fricklers.org,norden.social,1
fedi.sphericalcow.space,mastodon.social,1
gamache.org,fosstodon.org,1
social.tidusfox9.online,mastodon.gamedev.place,1
dsc.re,mastodon.social,1
social.flaig.name,mastodon.social,1
social.emarhavil.com,hachyderm.io,1
social.minbash.de,mastodon.social,1
social.joostagterhoek.nl,infosec.exchange,1
social.wittemeier.de,mastodon.social,1
shitposter.world,greatape.casa,3
shitposter.world,blob.cat,2
fops.cloud,mastodon.social,1
mstdn.ca,social.sdf.org,2
jollyville.net,noauthority.social,1
shitposter.world,threads.net,3
blog.taursnd.haus,mastodon.social,1
shitposter.world,caekis.love,1
mstdn.ca,techopolis.social,1
toot.bldrweb.org,mastodon.social,1
shitposter.world,misskey.yandere.love,1
shitposter.world,shota.house,2
shitposter.world,raru.re,1
shitposter.world,brain.worm.pink,1
shitposter.world,shrine.moe,2
shitposter.world,suya.place,2
shitposter.world,baraag.net,1
shitposter.world,ebiverse.social,1
social.kernel.org,framapiaf.org,1
mstdn.ca,them.cheeky.wales,1
mstdn.ca,social.undrground.org,1
oddprocess.social,mastodon.online,1
social.gemnoc.ca,mastodon.nl,1
plaza.vaporpolis.net,chaos.social,1
mstdn.ca,social.hodgson.io,1
mstdn.ca,mastodon.opportunis.me,1
sacred.harpy.faith,shitposter.world,2
chaosfem.tw,wandering.shop,1
mstdn.ca,piaille.fr,1
mstdn.ca,social.treehouse.systems,1
mstdn.ca,plasmatrap.com,1
mstdn.ca,o3o.ca,1
mstdn.ca,mast.yourautisticlife.com,1
hi.nighten.fr,mastodon.art,1
akko.wtf,fosstodon.org,1
junimo.party,wetdry.world,1
fe.disroot.org,misskey.io,1
kitty.haus,mas.to,1
social.xenofem.me,comp.lain.la,1
social.xenofem.me,ebiverse.social,1
social.xenofem.me,shitposter.world,1
clew.lol,mastodon.social,1
social.xenofem.me,fedi.layer02.net,1
spinster.xyz,rcsocial.net,1
shitpost.cloud,spinster.xyz,1
mstdn.ca,fatlads.lol,1
infosec.place,infosec.exchange,1
pleroma.xyenon.bid,o3o.ca,1
mstdn.ca,jawns.club,1
mstdn.ca,toot-lab.reclaim.technology,1
mstdn.ca,mstdn.jp,1
mstdn.ca,disobey.net,1
gearlandia.haus,shitposter.world,1
fedi.feministwiki.org,fosstodon.org,1
ak.ari.lt,chaos.social,1
postnstuffds.lol,shitposter.world,3
mstdn.ca,cheeseburger.social,1
mstdn.ca,htt.social,1
mstdn.ca,video.canadiancivil.com,1
korora.social,fosstodon.org,1
federated.saagarjha.com,infosec.exchange,1
chaosfem.tw,universeodon.com,1
friendica.eskimo.com,mstdn.social,1
friendica.eskimo.com,varishangout.net,1
mstdn.ca,cyberpunk.lol,1
mstdn.ca,mastodon.zaclys.com,1
mstdn.ca,canada.masto.host,2
mastodon.de,mastodon.ie,1
mstdn.ca,libranigans.com,1
mstdn.ca,fedi.computernewb.com,1
friendica.eskimo.com,mstdn.ca,1
friendica.eskimo.com,mas.to,1
friendica.eskimo.com,noauthority.social,1
brain.worm.pink,fosstodon.org,1
mstdn.ca,friend.camp,1
mstdn.ca,syringa.social,1
spinster.xyz,neenster.org,1
mstdn.ca,speedlines.stctp.zone,1
social.dryusdan.fr,piaille.fr,1
mstdn.ca,warhammer.social,1
roma.sodo-shed.com,misskey.io,1
fabler.su,mastodon.social,1
social.xenofem.me,assemblag.es,1
