﻿实例ID,活跃用户数,主题标签
botsin.space,2,"bot,art,startrek,weather,wallpaper"
mastodon.online,352,"ukraine,japan,us,news,USA"
imastodon.net,63,"imas_official_bot,idolmaster,シャニマス,奈緒のお天気,シャニソン"
mstdn.social,577,"NowPlaying,searchlightradio,News,Ukraine,oregon"
mas.to,335,"vg,trackcheerlights,avisanordland,nrknyheter,theguardian"
fosstodon.org,192,"opensource,linux,arduino,arduinolibs,adventofcode"
chaos.social,594,"38C3,pastpuzzle,seite42,vegan,photography"
wxw.moe,522,"给我干哪儿来了这还是博德之门吗,金盏花之路,新書消息,hq同人串,同人猫七零八落碎碎念"
mastodon.world,220,"știri,vsn,travel,history,romania"
infosec.exchange,523,"infosec,cybersecurity,mastodon,ransomware,cyber"
pawoo.net,279,"pixiv,anime,aiart,ai,イラスト"
mastodon.art,297,"MastoArt,art,drawing,photography,DigitalArt"
universeodon.com,118,"roc,heavymetal,metal,spaceweather,suninfo"
mamot.fr,188,"nowplaying,rx3,photographie,insoumis,giletsjaunes"
mstdn.maud.io,19,"えあいさんちの今日のごはん,godotengine,gamedev,ゲーム制作,windowsはクソ"
mastodon-japan.net,125,"ニュース,cat,政治,市原市,Yahooニュース"
c.im,32,"Ohio,Columbus,art,FilmMastodon,photography"
mastodonapp.uk,71,"nowplaying,news,bbc,bbc6music,nejobs"
planet.moe,154,"아무말,견주기,겜스토돈,윸_노래,피크민블룸"
handon.club,14,"donshare,booth_pm,おはせいべ,jst"
vocalodon.net,49,"ボカロ丼自己紹介タイム,narouN5440JM,narou,ニコニコ動画,わいちゃん神絵師への道"
social.tchncs.de,90,"TeamInfoSec,cyberangriff,teamdatenschutz,dsgvoportal,gaming"
brighteon.social,39,"NoMoreLiberalsAndNDP,SayingTheQuietPartOutLoud,ResignTrudeau,JustSayNoMore,HeadlineOptics"
hachyderm.io,227,"Monsterdon,adventofcode,ai,programming,dotnet"
troet.cafe,449,"berlinerzeitung,formel1,erlangen,photography,FotoVorschlag"
sfba.social,118,"comics,photography,california,comicbooks,sanfrancisco"
norden.social,256,"hamburg,goodnews,goodmoodnews,fdp,pastpuzzle"
spinster.xyz,55,"fridayfunnies,teamterf,caturday,transcult,peaktrans"
piaille.fr,334,"patrimoine,catsofmastodon,mastocats,monumenthistorique,Cats"
kirakiratter.com,14,"robokatsu,aikatsu,aikatsuacademy,デミカツ,デミカツアート"
aus.social,230,"auspol,australia,podcasts,qldpol,podcast"
masto.ai,19,"earthquake,news,ukraine,russianwar,russianinvasion"
social.vivaldi.net,185,"ビバ丼,おうどんラジオ,photography,nfl,disaster"
framapiaf.org,43,"ironeme,ironemes,bot,rpi_bot,munin"
mastodon.sdf.org,15,"nancy,erniebushmiller,nancycomics,review,photography"
o3o.ca,225,"小狗心脏修复中,馆小姐的观测记录,馆小姐的书架,中午吃啥,剪刀十元一把"
techhub.social,19,"News,actu,presse,memes,spongebob"
wandering.shop,45,"Monsterdon,writerscoffeeclub,scifi,fantasy,sciencefiction"
mastodon.scot,114,"scotland,music,totp,radio,scottishindependence"
freeatlantis.com,23,"musicAtlantis,dei,Doge,news,Crypto"
mastodon.xyz,1,"CritiqueEnUnToot,listeningclub,monsterdon,arsenal,nowplaying"
mastodon.nl,189,"nowplaying,jazzdeville,groove,nieuws,chill"
social.mikutter.hachune.net,24,"今日の百貫デブ,bot,teocraft,nowplaying,室長債"
kiritan.work,17,"きりたん丼挨拶部,おっぱい魔王チャレンジ,風呂魔王チャレンジ,深夜徘徊アイス部,クヮィスャ魔王チャレンジ"
mstdn.osaka,15,"カーネーション,カムカムエヴリバディ,おむすび,wordhurdle,相撲部"
elekk.xyz,6,monsterdon
pokemon.mastportal.info,69,"ポケくじ,ポケモンgo,びぃとさんぽ,ポケマス挨拶部,pokereason"
mstdn.ca,346,"canada,cdnpoli,ontario,lfc,toronto"
ohai.social,10,"nature,wildlife,puzzle,birds,picnickingbirds"
mastodon.gamedev.place,128,"gamedev,indiedev,indiegame,pixelart,godotengine"
friends.cafe,10,"フレカフェ挨拶部,こおりみくじ,こおり定期,clusterラジオ体操部"
mstdn.guru,21,"consadole,hhkb,scansnap,aquos,ひらくpcリュック"
toot.community,2,"news,airline,skynews,airlinenews,sailing"
beige.party,149,"news,music,HashtagGames,generativeart,fediversalpictures"
varishangout.net,68,"lewd,cosplay,コスプレ,girl,anime"
mental.social,34,"精神疾患を持つ人と繋がりたい,nowplaying,入場無料,ハウス加賀谷と楽しみたい方大募集,どなたでもお気軽にどうぞ"
m.ai6yr.org,13,"chp,wx,losangeles,lax,nws"
g0v.social,71,"premier12,baseball,nowplaying,waffleroyalty,生靈師"
mathstodon.xyz,20,"math,itp,maths,IsabelleHOL,page42"
zirk.us,4,"poetry,art,music,design,museum"
social.coop,6,"monsterdon,thephantomplanet,loco2024,dharma,buddhism"
toot.cat,9,"monsterdon,cats,catsofmastodon,fedicats,caturday"
toot.blue,36,"おはようございマストドン,環境保護,sdgs,クリック募金,絶滅危惧種"
mastodon.juggler.jp,2,"photography,マストドン写真部"
freeradical.zone,4,"uspol,kdrama,sotp,movies,music"
udongein.xyz,2,artspam
hessen.social,9,"RmH,pastpuzzle,frankfurt,s8,darmstadt"
indieweb.social,6,"ai,semanticdistorter,nondeterministicpoetry,aiart,maine"
ika.queloud.net,20,"イカトドンしごおわ報告会,splatoon3,おはめんみ部,サーモンラン,野球部"
101010.pl,9,"czytalem,giereczkowo,sluchalem,dreamhack,stockholm"
outerheaven.club,4,"cofe,wordweavers,writing,writingcommunity,musicproduction"
under-bank.blue,6,akira
social.anoxinon.de,2,"schenklradio,linux,antinous,antinoos,LSBTIQ"
literatur.social,5,"weihnachten,lesen,schreiben,kinderbuch,advent"
mastodon.me.uk,8,"lfc,fedifc,ukpolitics,livmnc,bclxiii"
social.lol,38,"photography,stickerart,streetart,sticker,bluesky"
liberdon.com,4,"newyork,nys,nyc,CallofcHochul,hochul"
quokka.city,67,"sashimi,naydra,holecore,yaaaaaaay,sickandtwisted"
mastoturk.org,1,无
woof.group,13,"documentary,dick,gay,admin,portopostdoc"
mastodon.crazynewworld.net,4,"news,bot,apple,短歌を検出する人,神"
blorbo.social,69,"DigitalArt,digital,artistsonmastodon,commission,maricodraws"
mastodon.bot,1,"bbc,news,uk,russia,gerakies"
union.place,2,"korea,wefeedyou,yoon,USPol,democracy"
ruby.social,5,"ruby,rails,rubyconference,balticruby,conference"
gamelinks007.net,1,"創作版深夜の真剣文字書き60分一本勝負,お子ちゃん"
precure.ml,5,"precure_fun,実況,わんだふるぷりきゅあ,43話,つむがれる思い"
equestria.social,2,"mlp,fancomic,comic,mlpcomic,art"
thecanadian.social,3,"NHLJets,GoJetsGo,hnom,pwhl,mbwx"
chattrbx.com,6,"chattrbxjukebx,music,wordle,strands,connections"
sigmoid.social,1,"aiart,midjourney,Seattle,adventofcode,aoc"
oc.todon.fr,2,"rugby,fraarg,pouetradio,SUTOM,silentsunday"
thicc.horse,4,"chastity,nsfw,transnsfw,lewd,transporn"
mona.do,24,"嗼嗼海产杯,J的游戏日记,moGN2024,moGN,嗼超联赛"
mementomori.social,8,"uutiset,kirjat,kirjamastodon,joulu,politiikka"
twiukraine.com,2,"funtime_природа,україна,funtime,ukraine,travel"
mastodonsweden.se,9,"aik,aikhockey,adventofcode,rtoot,ggplot2"
gensokyo.social,2,"monsterdon,teamspicynuggs"
spacey.space,2,"spacex,starlink,launchinformation,launchschedule,hypothesis"
xarxa.cloud,8,"ultimasemana,asturias,mastodonnoesdivertido,pueblogitano,cine"
cyberplace.social,2,"gas,natgas,storage,photography,becybersmart"
weird.autos,4,"tootbot,reddit,redditbot,weirdcarmastodon,rcarporn"
whinge.town,4,无
allpro.social,6,"FlyEaglesFly,allproleague"
mofmof.coffee,3,无
lingo.lol,1,"Monsterdon,Lingule,writingsystems,klingonlanguage,movie"
twoot.site,3,"firefox,mozilla,verticaltabcrew"
vkl.world,3,无
social.cu2d.com,1,"news,press,inland,deutschland,ausland"
tsukihi.me,2,无
donotsta.re,6,"cutieleaks,oh"
pleroma.envs.net,1,"apt,china,cybersecurity"
mountains.social,1,"mountainsadmin,splitboarding,cascades,snoqualmiepass,dachfensterromantik"
mstdn.yuicho.net,1,无
tooting.intensifi.es,1,无
mastodon.redgarterclub.com,1,"mutualaid,helpfolkslive2024,givingtuesday"
f.cz,2,"czech,media,politika,20albums20days,sdr"
mastobate.social,1,"me,nutyourbrainsoutnovember,cumisgood,fucknnn,nutallnovember"
fops.cloud,1,"dogs,travelynx,rats"
bonequest.net,1,"wss366,bonequest,direct"
www.gctaisentl.com,1,"粘身の愛,半熟王女,地下魔境,shindanmaker"
growers.social,1,"hifiberry,raspberrypi"
mstdn-jp.site,3,見た人強制で告白された回数あげてけ
indiehackers.social,1,"inuyasha,anime,demonslayer,ranma"
genserver.social,1,"elixirlang,erlang,gettingtoknowus"
social.chiefgyk3d.com,1,"InfoSec,cybersecurity,Tech,twitch,defcon32"
subdued.social,1,无
microbe.vital.org.nz,1,无
hacksrus.xyz,1,altventofcode
aklp.club,1,无
akk.fedcast.ch,1,"fediverse,fotovorschlag,frage,funkwhale,schweiz"
wawa-huayuan.blue,1,ドール
social.rdl.ph,1,无
plone.social,1,"ploneconf2024,pythoncerrado2024,plone,python,opensource"
mastodon.kkhys.me,1,无
inanimate.brainworms.nl,1,无
pleroma.lovetocode999.xyz,1,无
akko.drgn.gay,1,无
social.3delights.store,1,无
newsie.social,17,"politics,brazil,economy,alameda,environmentalism"
mstdn.poyo.me,2,"作業配信,はこべっちくんくんすはすは,スポチハイ"
mastodon.green,16,"nature,bomengidsnlbot,botany,trees,silentsunday"
wetdry.world,87,"art,nintendo,NintendoSwitch,positive,onedayatatime"
otogamer.me,19,"pixiv,juansotoアメリカンリーグ東地区から出ていけ,すとぷりギャラリー"
mstdn.nere9.help,10,"頭に舞い降りた謎ワード,乗車券,スマートex,autocad,autodesk"
fedi.absturztau.be,1,无
masto.es,132,"mastodon,madrid,fediverse,carabanchel,literatura"
sueden.social,18,"israel,pastpuzzle,deutschland,photography,fdp"
glaceon.social,3,无
mahiradon.com,6,"古戦場準備部,ずんだメモ,まだ火曜日,休みまで遠くね,全日本もう帰りたい協会"
blob.cat,5,"rusmeme,knitwear,mohair,sweater,sweatergirl"
homoo.social,1,无
pouet.chapril.org,6,"logicielslibres,ironeme,rencontre,gnulinux,linux"
photog.social,13,"photography,BuyIntoArt,art,blackandwhite,photographie"
masto.pt,13,"OuvirMaisTarde,gofit,anthimio,SUTOM,siria"
berlin.social,5,"opnv_berlin_bot,VIZ_Berlin,SBahnBerlin,berlin,GESPERRT"
famichiki.jp,34,"japan,photography,editing,CatsOfMastodon,chikiwrapped"
masto.bike,11,"page42,imaginetonateliervelo,velo,nourriture,foodporn"
journa.host,3,"afternoonupdate,syria,bbcnews,aleppoliberation,amupdate"
mastodon.radio,6,"rolnikszukazony,hamradio,hamr,dx,amateurradio"
pol.social,12,"myclippingstxt,polityka,sejm,giereczkowo,pograne"
me.dm,4,"playlist,newmusic,follow,stoicism,life"
mastodon-belgium.be,3,"luxeprobleem,webmentions,hugo,sega,megadrive"
veganism.social,4,"environment,animalrights,vegan,govegan,pollution"
social.xenofem.me,31,"nothingbutblackmetaldecember,nonyxdecember,nonyxnovember,indierock,twee"
tuiter.rocks,4,"coffee,funny,cafe,putasmigranas,palestine"
floofy.tech,5,"botsinspace,bots,furry,furryvtuber,vtuber"
kotobaphil-mtdn.eu,3,无
news.hostdon.ne.jp,1,"traindelay,北陸新幹線,停電,久留里線,山陽新幹線"
corneill.es,2,"writever,chachat,mastocat,vendredilecture,milfeuille"
rockcd.jp,1,"yahooニュース,せと打ってクリスマスにもらえるもの"
yourwalls.today,7,mastodon4harris
learnk8s.news,2,无
pleroma.m68k.church,1,无
suyasuya.love,1,无
mstdn.kemono-friends.info,4,无
misskey.io,37,无
mk.hoshisaki-h.com,1,无
arc-en-ciel.hostdon.ne.jp,1,国は安楽死を認めてください
submarin.online,3,无
voskey.icalo.net,1,无
mi.shiromaru.work,1,无
ms.obak-key.com,1,无
fedibird.com,3,无
pao.moe,1,无
mirus.club,1,"wetterbonn,wetterbonnaktuell,wetterwarnungbonn,wetterbonnvorhersage,wetterbonn3stundenvorschau"
social.matarillo.com,1,无
mastodon.social,7057,"adsb,nowplaying,news,abovefrl,ehlw"
mastodon.uno,200,"satira,unoradio,politica,ai,ilfattoquotidiano"
jorts.horse,20,"Monsterdon,thephantomplanet,phantomplanet,SlumilNews,theratkinginyellow"
mastodon.nu,44,"settochhort,millennium,svpol,music,proje"
tilde.zone,6,"onthisday,history,newyorktimes,AdventOfCode,unrealtournament"
gearlandia.haus,9,无
pawb.fun,2,"furry,furryart,art,twitch,robot"
photodn.net,4,"pentaxmx,pentax_m28,fomapan100,toylab,rescan"
decayable.ink,15,"teamnewemojis,mutualaid"
tiggi.es,1,"framework,cyoa,story"
pfalz.social,2,"elektrotechnik,homeofficefenster,fotovorschlag"
clew.lol,2,caturday
fedi.getimiskon.xyz,1,无
posting.lolicon.rocks,1,无
social.applied-langua.ge,2,无
noauthority.social,254,"edm,acid,electro,idm,elonmusk"
flipboard.social,4,"taylorswift,beyonce,drake,مركز_اندوسكوب,photography"
mastodon.zunda.ninja,2,"いいえ,何のはなしだっけ,いつ,おっさんのジャンク記憶,ちがう"
musicworld.social,1,"ccmusic,bandcamp,rootsandroses,elipaperboyreed,theflynts"
masto.ink,12,"промо,звіт,укрінформ_пояснює"
plushies.social,5,"expotition,hakelsontour,keksamine,hakelskuche,weihnachtsbackerei"
mastodon.ie,111,"ge24,ireland,mastodaoine,ge2024,strictly"
kmy.blue,19,"みんなのアカウント名の由来教えてください見た人もぜひ,ワイのloveゲーム,kmyおやつ部,ざらめ空想帳,このタグを見た人は自分と同じ誕生日の人を1人言う"
toot.cafe,4,"a11y,accessibility,believeinfilm,appleintelligence,siri"
beach.city,1,无
mstdn.mx,7,"resena,libro,lasestanciassecretas,literatura,cuento"
esq.social,1,"law,tech,legaltech,autosum,scotus"
mastodon.cr,4,"viernesdememes,meme,page42,hashtaggames"
freesoftwareextremist.com,4,无
gaygeek.social,2,"boybeauty,gay,nsfw,yiff,furry"
rebel.ar,1,"mastodonnoesdivertido,mepicaelculo"
arff.archandle.net,1,无
misskey.flowers,1,无
flipping.rocks,6,"fedizinefest,bookbinding,kestrelthebestrel,birds,birding"
skaya.ligun.net,1,无
aethy.com,8,"shota,lalafell,ffxiv,nsfw,oc"
mastodon.nz,61,"JukeboxFridayNight,nzpol,promises,Togetherness,kotahitanga"
rubber.social,1,"latex,rubber,art,furry,hypnosis"
bitbang.social,1,"macgarden,retrocomputing,MacOS9,apple,ibook"
yakyudon.net,2,无
mastodon.murkworks.net,2,"Monsterdon,thephantomplanet,catwomenofthemoon,missletothemoon,sonnytufts"
pnw.zone,2,"sounders,pnw,ebfg,hiking,outdoors"
schmaker.eu,1,"ukrajina,stopwar,Rusko,eKoloběžka,Russia"
handmade.social,1,"shophandmade,artisan,verdantgent,beardcare,luxury"
godforsaken.website,1,"TARDISclub,doctorwho"
chaosfem.tw,19,"queercreationwednesday,trans,pwhl,torontosceptres,bostonfleet"
mefi.social,2,"romania,elections,tootsea,nusantara,philippines"
detroitriotcity.com,16,"anime,bestgirl,gelbooru,spanking,seite42"
bolha.one,19,"musiquinta,meme,tercinema,nowplaying,premiomultishow"
mstd.seungjin.net,1,"coffee,cafe"
post.syobon.net,1,无
abraham.su,1,无
shigusegubu.club,2,"finalfantasy,vocaloid,nicetf"
gamingjp.org,3,无
ottawa.place,1,"ottawa,yowwx,ottweather,yow,onwx"
girlboss.gaslight.love,1,无
ponies.social,21,"rotl24,gamecenter,radiofriendship,rotl2024,hwp24"
meganekeesu.tokyo,4,无
ursal.zone,26,"ngl,confissoesanonimas,mastofut,botafogofr,sextaserie"
warhammer.social,2,"boardgames,boardgamegeek,boardgame,wingspan,TickettoRide"
stoat.zone,1,无
socially.drinkingatmy.computer,1,meme
mastodonczech.cz,18,"ptacciproua,baseball,rogule,roadbike,prior"
pointless.chat,8,"아무말,원신,견주기,안면인식장에_셀프인증,neo_quesdon"
ak.ari.lt,3,"fedicancelled,rizz,skibiditoilet"
eientei.org,5,"felizjueves,caturday,foxgirlfriday,mofumofumonday,mofumonday"
swiss.social,5,"photography,ukraine,russia,russoukrainianwar,annafromukraine"
fedi.reimu.info,1,无
ak.kazuma.family,1,无
climatejustice.social,10,"climate,ClimateChange,climatebreakdown,cop29,KlimaSchutz"
dresden.network,15,"dresden,pastpuzzle,aktuell,music,staddrat"
mstdn.science,1,"nwochains2024,influenza,birdflu,plantsci,JIPB"
shitposter.world,38,"edm,idm,acid,electro,nsfw"
iddqd.social,1,无
mastodon.de,13,"antifa,fotovorschlag,badenwurttemberg,bayern,einneuertag"
netzsphaere.xyz,8,无
shitpost.cloud,6,无
mastodon.bida.im,3,"redhotcyber,hacking,ai,cybersecurity,privacy"
ioc.exchange,1,"cybersecurity,infosec,ahmetcadirci,proje,linux"
1uca.com,2,"天気予報_全国,天気予報_九州,天気予報_沖縄,天気予報_近畿,天気予報_中国"
mas.corq.co,1,"ukraine,новини,russia,scrungycats,caturday"
soc.feditime.com,1,bsd
retro.pizza,17,"Monsterdon,phantomplanet,catwomenofthemoon,gaming,rpg"
orfodon.org,2,"_chronik,_politik,_osterreich,_sport,_ausland"
mastodon.top,9,"niort,deuxsevres,politique,gaza,politics"
trpg-o.xyz,5,"본_trpg_툿친은_해주세요,trpg_시나리오_배포,trpg_시나리오,coc,키퍼리스"
mastodon.gal,12,"cig,comedu,claustrovirtual,osenordosaneis,engalego"
botany.social,1,"ferns,PlantScience,aobpapers,Botany,free"
dica.interfel.de,1,无
mamuti.ieleja.lv,1,无
social.kyiv.dcomm.net.ua,6,"news,ukrainian,новини,спорт,sport"
urusai.social,7,"monsterdon,anime,music,musicvideo,video"
tacobelllabs.net,3,"twitchstreamer,smallstreamer,echoesofwisdom,3dprinting"
wank.social,18,"nsfw,teen,sexy,brunette,pussy"
nrw.social,91,"Music,classic,pastpuzzle,Aachen,photography"
toot.wales,16,"music,Wales,news,popmusic,rockmusic"
qdon.space,7,"neo_quesdon,연합우주배사랑하는겨울플리자랑대회,오타쿠음악관,미침,견주기"
urbanists.social,5,"indypedestriansafetycrisis,hoosiermast,hoosiersocial,indianapolis,indiana"
peoplemaking.games,1,"coding,pldev,bismuth,CassetteBeasts,indiegame"
blob.love,1,cybermonday
zug.network,22,"nowtrawelling,travelynx,cinturadifallimento,at,e11"
mastodon.com.br,2,"hackerspaces,peertube,tersoftware,videos"
mastodon.white-void.net,1,"frfr,実況,prattohome,nageki_anime,tokyomx"
mastodon.hakurei.win,1,いいねが来た数だけ質問に答える
mi.ap-log.net,1,无
mastoxiv.page,122,blacklivesmatter
douchi.space,1,"人老椒黄养生修仙,书影音戏游,育猫,好黑暗的笑话,邓布利多的书影音"
mastodon.com.tr,1,"innsbruck,TV,Kultur,geek,norvec"
mistodon.cloud,9,"shindanmaker,rakugaki_pao,sayutandesuwa,VRoid,note"
gruene.social,6,"teamrobert,grune,TeamHabeck,CrossBorderRail,fdp"
greenish.red,1,无
lile.cl,3,"capybara,capibara,carpincho,rockaxis,sonarglobal"
paquita.masto.host,55,"rogule,literaverso,bookstodon,paquiters,lecturascasaarbol"
rivals.space,13,"rappelproduit,alimentation,mobilite,vivilfactory,produitslaitiers"
mapstodon.space,3,"GIS,academia,gischat,30DayMapChallenge,COP28"
thetare.tech,5,排便報告
social.openrightsgroup.org,1,"evisa,migrants,immigration,digitalrights,ukpolitics"
crossdon.com,2,同時視聴たのしい部
spore.social,2,"monsterdon,catwomenofthemoon,gazagenocide,water,warcrimes"
ukadon.shillest.net,11,"伺かゴースト更新情報,ukagaka,伺か,nowmaterializing,伺かスクショ部"
lotuskey.net,1,无
mstdn.dgm.pw,1,无
mstdn.v-elf.com,1,无
chitter.xyz,4,"gamedev,furry,playthrough,rpgmaker,rpgmakermv"
metalhead.club,5,"metal,heavymetal,deathmetal,music,musicwomenwednesday"
bildung.social,1,"FediLZ,moodle,moodlebande,halle,hochschulpolitik"
muenchen.social,12,"bayern,deutschland,munchen,kriminalitat,fußball"
social.gibiris.org,1,"genocide,gaza"
kemonodon.club,12,"note,リレトレ,リレイトレッカー,kemono,furry"
fnordon.de,17,"seite42,pastpuzzle,inmeinertimeline,Alltagsessen,Ernaux"
freiburg.social,5,"freiburg,rdl,MTB,police,mossos"
mastorol.es,5,"diariosombra,lodelrol,elgamendariodemon,metrobilbao,50_brazas"
ludosphere.fr,3,"jdr,j2s,ttrpg,gn,larp"
mastodon.stickbear.me,9,wonderfulwednesday
social.sachsen-anhalt.de,1,"sachsenanhalt,elektrizitat,strom,erlose"
shelter.moe,10,"nowplaying,webradio,musiques,sonicxshadowgenerations,legecloelsental"
bassam.social,2,"ليغانيس_ريال_مدريد,أمريكا,الإمارات,الاردن,خواطر_قرآنية"
brain.worm.pink,17,"agpmemes,bigmommymilkers,fightcatholicphobia,suicidegiving,4chan"
miraiverse.xyz,2,"linux,bazzite,bluefin,ublue,universalblue"
mastouille.fr,1,"pussy,softcore,nude,artisticerotic,artistic"
social.cologne,12,"Bonn,pastpuzzle,wuppertal,rrx,koln"
lab.nyanide.com,5,无
odakyu.app,1,瀬谷の個人的伝説
heads.social,3,"billystrings,travel,nowplaying,livemusic,gratefuldead"
layer8.space,1,"Gelsinger,intel,twitch,impotentrage,pastpuzzle"
cupoftea.social,11,"totp,vinyl,makershour,nowplaying,cupofteasocial"
town.voyager.blue,4,"하로_성서,디지카,하로_성경,아케인,하로_딱지"
lounge.town,1,"hashtaggames,countrifyscifi,startrek,startrektos,kingtrump"
shortstacksran.ch,3,无
bark.lgbt,2,"furryart,furry,furryartist,emodog,oc"
the.asbestos.cafe,3,无
ak.angelstrapped.com,2,无
kind.social,37,"wordweavers,mtg,magicthegathering,music,paxunplugged"
jade.moe,1,无
simian.rodeo,1,fuckcancerlovecats
sciences.social,1,"PoliticalEcology,ahmetcadirci,proje,sociology,couvrefeu"
sakurajima.moe,9,"anime,writing,cute,moe,artwork"
shrike.club,7,无
tkz.one,7,"videogames,pokemon,pesca,Bot,random"
hcommons.social,2,"nuclear,adventcalendar,adventcalendar2024,emdiplomacy,Education"
hellspawn.gay,4,无
mastodon.la,8,"comic,photoclo,twitter,wrapstodon,Mastodon"
phpc.social,2,"monsterdon,php,webdev,programming,music"
functional.cafe,2,"music,Heardle,heardlenewwave,newwave,heardlerock"
mastodon.education,1,"rookreadingjournal,education,ass,autisme"
norwoodzero.net,3,无
lepoulsdumonde.com,26,info_travaux
fedi.aria.dog,1,无
mastodon.cardina1.red,1,strinova
mikuobsession.net,1,"初音ミク,vocaloid,aigenerated,r,hatsunemiku"
social.teia.bio.br,1,"friendica,Hubzilla,streams"
stefanbohacek.online,2,"nyc,mta,subway,webcam,map"
furry.engineer,3,"spotify,playlist,palworld,twitch,adhd"
bonn.social,3,"pastpuzzle,bonnjobs,bonn,datenschutz,bvb"
workaholic.cloud,1,"鷹嶺ルイ3周年,沙花叉クロヱ3周年"
seal.cafe,12,"capybara,yesbot,seal,grafposting,bitchboy"
iyasaretai.pw,4,"bot,metar,あとで見る,買った本を読もう,kawaii_onnanoko_hshs_sitai"
postnstuffds.lol,1,无
otadon.com,17,"amiyo_games,美容と健康,原神,niconico,youtube"
mstdn.business,1,"gamingnews,gaming,gamer,postcard,postcards"
musicians.today,1,"metal,music,linux,totp,musicthatilikeverymuch"
social.heise.de,2,"news,apple,security,kunstlicheintelligenz,wirtschaft"
mastodontech.de,2,"Wetterstation,lorrachstetten,WSLOE,apple,Maclife"
kafeneio.social,5,"us,eu,USA,uk,europe"
sunny.garden,9,"art,indiedev,indie,furryart,furry"
bookstodon.com,2,"writerscoffeeclub,pennedpossibilities,gabrielzurmuehlen,writingcommunity,imaginaire"
social.noleron.com,1,无
xn--p1abe3d.xn--80asehdb,1,无
openbiblio.social,4,"vbib24,kulturkalender,kulturkalender2024,reisen,kultur"
9kb.me,1,"多少天婚假能让你结婚,潍坊两起首饰店被抢案没有关联,山东潍坊两起首饰店被抢案件告破,黑熊闯入家中妻子遇袭丈夫持斧击杀,四川北川一村民家中遭黑熊袭击"
social.sciences.re,11,"VeilleESR,aventdunum,geoveille,esr,histodons"
canada.masto.host,1,"chpr,saveourslopes,headwatersprotection,easternslopes,advocacyinaction"
social.adridoesthings.com,1,无
shakedown.social,7,"phish,nowPlaying,nikreslistens,livemusic,eggy"
chalk.moe,2,"ff14,ffxiv,파판14,초크보드"
annihilation.social,16,"elonmusk,space,spacex,starship,women"
discuss.systems,3,"Monsterdon,caturday,catsofmastodon,cats,epl"
mofu.kemo.no,4,"東京メトロ,東西線,東京メトロ東西線"
eveningzoo.club,8,无
musician.social,1,"lanadelrey,1980s,musichistory,musicvideo,the1975"
micro.marcriera.cat,1,"trens,ferrocarril,videojocs,softcatala,catala"
dice.camp,89,"ttrpg,DnD,rpg,dnd5e,osr"
romancelandia.club,2,"uspolitics,hunterbidenpardon,bookreview,bookblogger,audiobookreview"
akko.wtf,2,无
mastodon.coffee,1,"tennis,Caturday,CatsOfMastodon,Music,chunderroad"
fedi.furfag.biz,1,无
hostux.social,1,"dog,dogsofmastodon,cat,catsofmastodon,emacs"
gigaohm.bio,7,无
livellosegreto.it,29,"retrogaming,Bordighera,videogiochi,discoDelGiorno,roma"
fedi.yesmap.net,2,无
digipres.club,2,"electronicsrepair,linux"
socel.net,4,"mastoart,art,mastodonart,fedigiftshop,giftideas"
oldbytes.space,6,"retrocomputing,chiptune,vintagecomputing,crt,c64"
mstdn.tokyocameraclub.com,4,"tokyocameraclub,東京カメラ部,ジープ島,オールドレンズ,tokyocameracl"
net4sw.com,2,"photography,artwork,fineartnude,fineart,blackandwhitephotography"
allovertheplace.ca,2,无
kancolle.social,5,"艦これアーケード,艦娘,艦これ,ケッコンカッコカリ"
popindustry.org,7,"BBMAs,bestalbumpackaging,bestmoment,bestsingleart,BestalbumArt"
bookwor.ms,6,"ブックサンタ2024,100分de名著,百人一首"
ruhr.social,18,"bochum,autostadt,boVerkehr,dortmund,europa"
apobangpo.space,2,"kpopmonday,twosongsonetitle,bts,kpop,notkpop"
bbbdn.jp,1,无
c7.io,1,无
nachklang.net,1,无
expressional.social,10,"photography,tesla,dkmastodon,monsterdon,music"
dragonscave.space,3,"audiodescription,macy,knitting,teamfmradio,blind"
mstdn.y-zu.org,4,"fedilug,Fediverseソフトクリーム同好会,nowplaying,かすみん断酒しろ,富士山は静岡固有の領土"
poofion.com,1,无
rhabarberbarbara.bar,1,读书
foresdon.jp,5,"dq3,dq3hd2d,dq10,dqx,ドラクエブログ"
kill-corporations.enterprises,1,无
majestic12.airforce,1,无
bne.social,2,"SecretSanta,brisbane,pfoa,pfas,environment"
gohan-oisii.net,1,无
theblower.au,1,"auspol,godzilla,palestine,zionism,usa"
col.social,9,"music,concert,drums,drumming,bogota"
federatedfandom.net,2,"mdzs,windbreaker,decrecs,chinese,mandarin"
vmst.io,4,"history,trump,elixir,Monsterdon,uspol"
toot.krivokuca.dev,1,无
dragonchat.org,1,"vore,dragon"
mast.dragon-fly.club,1,"b1199,摘抄"
gamepad.club,4,"adventofcode,aoc,krita,newprofilepicture,newavatar"
social.chinwag.org,3,"rugby,irevaus,AutumnNationsSeries,Wallabies,mutualaid"
laplaza.cafe,6,inventariodecosasbonitas
pray.angelos.shop,12,无
social.vlhl.dev,2,无
toad.social,5,"trump,fascism,cruelty,thanksgiving,media"
mastodo.neoliber.al,4,"rogule,tradle,dc,alexandriava,politics"
mast.lat,1,"fotografie,nature,photography,podcast,gratis"
post.ebin.club,2,无
mastodon.au,3,"auspol,breakingnews,mementomori,death,writerscoffeeclub"
social.shadowkat.net,1,无
normal.style,2,无
class.lunanova.dev,1,无
cubhub.social,15,"babyfur,abdl,diaper,diapers,abdlart"
corteximplant.com,16,"cyberpunk,MastoArt,lifeisstrangetruecolors,gaming,pastpuzzle"
furries.club,1,"fursuitmaker,fursuitcommission,fursuit,furry,fursuitcommissions"
dmv.community,5,"parenting,mentalhealth,quote,quotes,quoteoftheday"
helvede.net,4,"fredagsbog,ux,customerexperience,snevejr,klimatanker"
fediscience.org,3,"ai,neuroscience,archaeology,plosbiology,nyc"
skyhook.monster,9,无
social.kernel.org,1,"bitwig,musicproduction"
is.badat.dev,1,无
mstdn.fr,3,"covidlongfr,afp,breton,bretagne,observation"
kooapp.org,1,daynulm
mastodon.energy,3,"co2,Energy,plastics,ClimateChange,energytransition"
d-64.social,3,"d64hurra,superklausurtagung,d64klassenfahrt"
tooot.im,2,"סיפורונובמבר,משמרת_101,namshi,עצומה,שקרן_בן_שקרן"
seaofog.com,1,无
writing.exchange,12,"writing,writingcommunity,writerscoffeeclub,wordweavers,amwriting"
donphan.social,1,"pokemonmastersex,novel,hyakkiyakou,kyougoku,meemumonday"
climatejustice.global,1,"bvwp,KlimaSchutz,straßenbau,greenpeace,bund"
gingadon.com,3,おみくじさんたすけて
pleroma.soykaf.com,3,无
speedlines.stctp.zone,1,"gaming,videogames"
pl.kitsunemimi.club,1,无
front-end.social,3,"css,javascript,webdev,parenting,accessibility"
comunidad.nvda.es,1,无
friendica.eskimo.com,1,"Genocide,CraigMurray,IndependentMedia"
osna.social,1,"adventssocke,Osnabrueck,verkehrswende,osnabruck,Radinfrastruktur"
gayfr.social,3,"gayfr,nakedman,railways,railway,railwaysphotography"
genomic.social,1,"Latin,music,LLMs,writing,learning"
xyzzy.link,2,无
cyberpunk.lol,7,"cybersyndicate,vantabook,mutualaid,transcrowdfund,mutualaidrequest"
mastodon.arch-linux.cz,5,"rogule,Kalendar,czech,mudro,dobrerano"
mastodon.cisti.org,1,"performance,performanceart,performingart,ArtiPerformative,arte"
timetheft.social,6,无
toot.ale.gd,1,无
deep-abyss.cloud,3,无
toot.net-pbx.com,1,无
miniwa.moe,1,无
toot.queer-lexikon.net,2,无
www.librepunk.club,6,"daylist,palestine,antifa,socialism,activism"
gorone.xyz,1,"picrew,いろんなタイプの男の子"
mustard.blog,1,먹스토돈
linfan.moe,1,无
social.wildeboer.net,1,"eurovision,activitypub,fosdem,eurovisionfedivote,esc"
thegoatery.dyndns.org,2,无
ayom.media,1,"comunidadedodia,pleaseboost,metal,heavymetal,music"
freefree.ps,1,"news,palestine,gazagenocide,israeliwarcrimes,articles"
gochisou.photo,2,gochisou_photo
autistics.life,6,"actuallyautistic,japanesecommercials,askingautistics,randomthoughts,easternwashington"
shpposter.club,1,cofe
pkm.social,1,"obsidian,tft,pkm,userscript,Mastodon"
body.social,2,"zazen,vivastrayoga,mindfulness,hadakashizenyoku,physical"
mastodon.palewi.re,1,"cawx,date20241129,usrightwing,usleftwing,date20241128"
daydream.ink,1,无
hci.social,1,"academicrunplaylist,law,history,catsofmastodon,infosec"
gamedev.lgbt,2,"nowplaying,music,thanksgiving,food,glutenfree"
jam.xwx.moe,1,无
snabelen.no,6,"Norsktut,allheimen,newage,coopt,buddhism"
persadon.com,1,"پارچ,جامعه‌کاربری,روژاوا,آنارشیسم,بازنشر"
triangletoot.party,2,"ncwx,nwsraleigh,folkden,TriangleTootParty"
die-partei.social,1,"pc,multiplayercompetitive,shooter,singleplayer,jobcenter"
dabr.ca,1,无
panelinha.club,1,petdoano
akko.quad.moe,1,无
colter.social,1,"logicielslibres,opensource"
ecoevo.social,1,"silentsunday,biodiversity,finland,suot,nature"
toot.lv,11,"aviofotolv,latvija,sakartvelo,gruzija,apkure"
med-mastodon.com,3,"press,COVID,healthcare,medicine,birds"
macrofurs.social,1,"furry,nsfw,anthro,possession,female"
raptol.net,1,"頭に降りてきた謎ワード,愛車の写真どーんと1枚見せてくれ"
jawns.club,2,"gobirds,eagles,nowplaying,vinyl,vinylrecords"
dobbs.town,6,"HashtagGames,citylifeasongorpoem,mondayactionmovie,upcomingholidaystressasong,kaiju"
mastodon.design,1,"lego,replyguys,freepaulwatson,mattrbld,astro"
wandzeitung.xyz,1,"dbregio,punktlich,heise,bus,gtn8"
pkteerium.xyz,2,无
void.lgbt,5,vaporwave
drizzle-damp.net,4,无
flx.masto.host,2,"photography,filmphotography,retrobosak,largeformat"
camp.smolnet.org,1,无
en.osm.town,2,"fridaygeotrivia,OpenStreetMap,30DayMapChallenge,waterwaymaporg,OSM"
soc.ottr.uk,1,无
fe.disroot.org,1,"softwarelibre,agroecología,akkoma,disroot,fediverso"
vrc-ins.net,1,无
pizza.enby.city,2,"trans,bees,art,pansexual,mastoart"
infosec.place,1,"biology,test,neopets,sunday"
wien.rocks,1,"Hotelflure,imzentrum,cop29,klimakatastrophe,silentsunday"
wspanialy.eu,1,"manchesterunited,football,pilkanozna,munbod,f1"
machikadon.online,2,smartnews
lain.com,1,无
federated.saagarjha.com,1,无
patriot.online,10,无
mastodon.uy,5,"uruguay,orsi,sevan,undernet,mastodon"
metsubo-jinrai.net,3,无
social.ridetrans.it,1,"CranksgivingSEA,TheOnion"
social.hatsusixty.in,1,无
critter.cafe,2,"thecohostlocalfeedboston,atlyss"
florp.social,4,无
piraten-partei.social,1,"euburgerinitative,eu,petition,Petitionen,euburgerinitativen"
sonomu.club,1,"pico8,indiegame,gamedev,shmup,pixelart"
mozilla.social,1,"mozilla,weihnachten,geschenkidee,firefox"
56k.dile-up.nl,1,无
f.kawa-kun.com,1,"cycling,bicycle,mastobikes,BikeTooter,seabikes"
junimo.party,1,无
solarpunk.moe,3,"youtube,breadtube"
gameliberty.club,3,"nsfw,hentai,yuri,YuriHentai,ヘンタイ"
historians.social,2,"florida,biden,history,alberta,congressional"
jasette.facil.services,1,"actualite,journalisme,quebec,mediaqc,presse"
blahaj.social,1,无
lustigetiernamenbubble.de,1,"StopEatingAnimals,govegan,SokoTierschutz"
squawk.social,1,"transformation,transformationart,furry,furryart,ych"
connectified.com,1,无
sacred.harpy.faith,1,recc
gayrobot.club,1,无
social.b0t.at,1,无
xelebre.com,2,无
social.wedistribute.org,1,无
social.nomagic.uk,1,无
ms.cratonsed.ge,1,无
skol.social,1,"mastodon,fediverse,pixelfed"
pl.dav1d.xyz,1,无
asso.lgbt,1,无
agora-thinktanks.social,1,"electrificationactionplan,cleanindustrydeal"
social.alton.cloud,1,无
industryplant.club,3,无
econtwitter.net,1,"germany,systemsthinking,complexity,sundayvibes,doodle"
mastodon.gomzik.xyz,1,无
fedi.feministwiki.org,1,无
fabler.su,1,无
djsumdog.com,1,无
xn--xxa.computer,1,"mallsoft,vaporwave"
social.fbxl.net,1,无
pl.kpherox.dev,1,无
social.genya0407.link,1,无
fluf.club,1,无
syzito.xyz,1,"corruption,democratic,parliamentary,council,music"
vm.io,1,"homelab,electronics,pcb,zigbee,zigbee2mqtt"
pandapla.net,1,无
akko.isabelroses.com,1,无
social.tudbut.de,1,无
krigskunst.social,2,"georgia,us,uspol,usa,uspolitics"
trees.social,1,无
bibletalk.social,1,"john,revelation,god,jesus,patmos"
rpgmaker.cafe,1,无
mstdn.c4jhr.org,1,givingtuesday
declin.eu,1,无
social.gl-como.it,1,无
arielfinn.social,1,无
mastodon.mariobreskic.de,1,无
thepit.social,2,"nfl,niners,49ers,cyclocross,2026olympics"
channel.org,1,无
nunu.fedicity.net,1,无
a2mi.social,1,"a2council,karb,avgeek,adventofcode,100daysstashdown"
amala.schwartzwelt.xyz,2,无
fuzzies.wtf,1,无
masto.nyc,2,"nyc,photography,bwphoto,mastophotography,universityplace"
oomfie.city,4,nonyxdecember
systemli.social,1,"ndc,veranstaltungshinweis,venezuela,Sachsen,miosga"
weatherishappening.network,1,"ice,newjersey,immigrants"
tuusin.misono-ya.info,1,无
QuarteredCircle.net,1,无
hulvr.com,1,polygonle
gamerstavern.online,1,"goodmorning,positivevibes,wednesday,hump,thehump"
boymilk.cafe,1,无
agora.echelon.pl,1,"ukraine,abkhazia,georgia,nato,russia"
mastoart.social,1,"mastoart,song,singing,painting,oilpainting"
social.andreva.cc,1,无
corteximplant.net,2,"kubernetes,quecojones"
glammr.us,1,"cenl,ai,libraries,page42,goedeschool"
iosdev.space,1,"uacon,iosdev,swift,indiedev,swiftlang"
aipub.social,1,无
socl.bz,1,"entrepreneurship,podcast,business,businessstrategy,thread"
final.town,2,"twitch,jinglejam,togetherforgood"
bikeshed.vibber.net,1,Monsterdon
librosphere.fr,1,无
mastodon.moule.world,1,"math,primenumbers,googology,primes,distributedcomputing"
social.esmarconf.org,1,"3goodthings,medicalwriter"
alaskan.social,2,"alaska,akwx,italy,railstrike,notalaska"
snack.social,1,无
retro-gaiden.com,1,"retrogaming,gaming,bionicle,bioniclethegame,retrogames"
miha.hostdon.ne.jp,1,"ワークマン,yahooニュース,ldnews"
piggo.space,1,无
yggdrasil.social,1,无
colearn.social,1,"reisenmitderdeutschenbahn,enshitification,mastodon,bluesky,gutenmorgen"
ifwo.eu,1,无
thegem.city,1,无
nationalist.social,2,无
nso.group,1,无
nixie.name,1,无
mastodon.fozztexx.com,1,"woodworking,retrocomputing,vintagecomputing,pantorouter"
social.moment.at,1,"bildung,inflation,teuerung,kaufkraft,nulllohnrunde"
hlad.org,1,无
mastodon.tails.ch,1,无
social.dryusdan.fr,1,shaarli
greatjustice.net,1,givingtuesday
social.wuatek.is,1,无
sayurili.hostdon.ne.jp,1,无
theatrez.day,1,뮤직토돈
frexitnow.com,1,"introduction,macron,modestymac"
bemrose.social,1,无
trilobite.space,1,"interactivefiction,gamedev"
woodworking.group,1,"oed,words,woodworking"
tyrol.social,1,"KlimaKrise,KlimaKatastrophe,FotoVorschlag,fedihelp,linux"
radikal.social,1,"uk,technofeudalism,musk,farage,bluesky"
seafoam.space,1,无
pleroma.breizh.pm,1,无
4d2.social,1,"rgu,microfiction,horror,porn"
akkoma.jonoabroad.com,1,无
sauropods.win,2,"LFC,uni,honours,DnD,pathfinder2e"
rmbl.ing,1,"mastodonhelpers,cybermonday,caturdayonamonday,caturday,cybercaturday"
social.dib.de,1,无
euproject.info,1,esg
podcasts.social,1,"podcast,wow20,discoverypanel,adventskalender,podcastadventskalender"
mastodon.publicinterest.town,1,"civictech,givingtuesday"
thoresson.social,1,"pixelfed,fediverse,mastodon"
thepage.house,1,无
social.anufrij.de,1,"furth,bavaria,germany,travel,weihnachtsmarkt"
dekkia.com,1,无
infrastruct.social,1,无
mastodon.gyptazy.com,1,"freebsd,homelab,proxmox,proxlb,network"
social.mynacol.xyz,1,无
youmewrite.com,3,"thailand,freesoftware,fsf,youmewrite,trending"
social.logsequenz.de,1,无
mastodon.thirring.org,1,"spicyhay,bunshui,mrpatch,bunny,chatswithpatch"
lewacki.space,1,无
social.freedom.press,1,无
starside.social,1,"anime,animein2024"
ponder.a.reallybigh.at,1,无
