﻿发起实例,目标实例,互动次数
mastodon.social,mastodon.social,19381
fosstodon.org,fosstodon.org,376
spinster.xyz,spinster.xyz,1082
freeatlantis.com,freeatlantis.com,61
social.tchncs.de,social.tchncs.de,186
piaille.fr,piaille.fr,751
elekk.xyz,elekk.xyz,18
gamelinks007.net,gamelinks007.net,6
precure.ml,msk.kitazawa.me,1
mona.do,mona.do,81
spacey.space,spacey.space,6
allpro.social,allpro.social,11
vkl.world,vkl.world,5
mountains.social,mountains.social,2
mastodon.redgarterclub.com,mastodon.redgarterclub.com,2
pleroma.envs.net,alpha.polymaths.social,1
tooting.intensifi.es,tooting.intensifi.es,6
social.shadowfacts.net,indieweb.social,1
poliverso.org,mastodon.uno,2
indiehackers.social,indiehackers.social,4
kitty.haus,pl.dav1d.xyz,1
microbe.vital.org.nz,mastodon.nz,1
hacksrus.xyz,hacksrus.xyz,2
sogga.top,akko.quad.moe,1
planetrage.social,freeatlantis.com,1
aklp.club,mitra.taihou.website,1
akk.fedcast.ch,mastodon.de,1
social.rdl.ph,social.rdl.ph,4
wawa-huayuan.blue,wawa-huayuan.blue,3
maidsin.space,blob.cat,1
outmo.de,chaos.social,1
fed.sonnenmulde.at,m.ai6yr.org,1
fediverse.omaramin.me,mastodon.social,2
mastodon.kkhys.me,mastodon.kkhys.me,3
pleroma.al45tair.net,mastodon.social,1
satzfetzen.de,photog.social,1
akko.drgn.gay,akko.drgn.gay,1
pleroma.1of444.top,mathstodon.xyz,1
gotf.at,mastodon.art,1
enby.army,infosec.exchange,1
social.3delights.store,social.3delights.store,2
friendica.ca,mastodon.social,1
mastodon.scot,mastodon.scot,116
mastodon.gamedev.place,mastodon.gamedev.place,253
mastodon.green,mastodon.green,37
g0v.social,g0v.social,77
wetdry.world,wetdry.world,191
mastodon.nl,mastodon.nl,248
fedi.absturztau.be,mai.waifuism.life,4
masto.es,masto.es,231
blob.cat,blob.cat,11
berlin.social,berlin.social,13
journa.host,journa.host,21
masto.bike,masto.bike,15
mastodon.radio,mastodon.radio,8
floofy.tech,wetdry.world,3
quokka.city,quokka.city,295
yourwalls.today,retro.social,2
yourwalls.today,woem.space,1
news.hostdon.ne.jp,news.hostdon.ne.jp,157
yourwalls.today,brain.worm.pink,3
learnk8s.news,learnk8s.news,8
pleroma.m68k.church,infosec.exchange,1
pleroma.m68k.church,hachyderm.io,1
misskey.io,misskey.io,8
mstdn.kemono-friends.info,mstdn.kemono-friends.info,36
pao.moe,pao.moe,4
social.matarillo.com,social.matarillo.com,3
aus.social,aus.social,396
mastodon.uno,mastodon.uno,76
pawb.fun,pawb.fun,5
gearlandia.haus,sacred.harpy.faith,1
mstdn.ca,indieweb.social,12
thicc.horse,thicc.horse,6
decayable.ink,decayable.ink,521
clew.lol,shota.house,4
clew.lol,yourwalls.today,2
fedi.getimiskon.xyz,snug.moe,1
social.applied-langua.ge,social.applied-langua.ge,8
mstdn.social,mstdn.social,2157
infosec.exchange,infosec.exchange,870
mastodon-japan.net,mastodon-japan.net,173
social.mikutter.hachune.net,social.mikutter.hachune.net,167
masto.ink,masto.ink,241
plushies.social,plushies.social,2
www.gctaisentl.com,www.gctaisentl.com,5
wxw.moe,wxw.moe,5235
pawoo.net,pawoo.net,839
vocalodon.net,vocalodon.net,57
beige.party,beige.party,210
varishangout.net,varishangout.net,1009
clew.lol,girlboss.gaslight.love,17
freesoftwareextremist.com,freesoftwareextremist.com,6
freesoftwareextremist.com,shitposter.world,6
kmy.blue,kmy.blue,72
arff.archandle.net,meow.social,1
arff.archandle.net,arff.archandle.net,3
mas.to,mas.to,1243
glaceon.social,glaceon.social,33
rubber.social,rubber.social,1
schmaker.eu,mastodonczech.cz,3
schmaker.eu,schmaker.eu,1
mastodon.online,mastodon.online,2388
godforsaken.website,godforsaken.website,5
chaosfem.tw,disabled.social,1
chaosfem.tw,kolektiva.social,9
chaosfem.tw,beige.party,9
chaosfem.tw,social.treehouse.systems,2
chaosfem.tw,mastodon.social,12
chaosfem.tw,queer.group,1
chaosfem.tw,journa.host,2
chaosfem.tw,dobbs.town,2
chaosfem.tw,dice.camp,3
chaosfem.tw,chaosfem.tw,47
chaosfem.tw,hellspawn.gay,2
mefi.social,mefi.social,3
social.xenofem.me,social.xenofem.me,112
social.xenofem.me,brain.worm.pink,9
detroitriotcity.com,mostr.pub,4
detroitriotcity.com,poa.st,64
jorts.horse,jorts.horse,32
ottawa.place,ottawa.place,4
girlboss.gaslight.love,cawfee.club,3
girlboss.gaslight.love,ebiverse.social,10
girlboss.gaslight.love,clubcyberia.co,6
o3o.ca,o3o.ca,901
chaosfem.tw,hachyderm.io,9
spinster.xyz,alive.bar,3
socially.drinkingatmy.computer,clubcyberia.co,3
detroitriotcity.com,yggdrasil.social,3
stoat.zone,stoat.zone,3
socially.drinkingatmy.computer,shitpost.cloud,2
socially.drinkingatmy.computer,mitra.taihou.website,2
mastodon.world,mastodon.world,816
hachyderm.io,hachyderm.io,672
clew.lol,poa.st,64
mastodonczech.cz,mastodonczech.cz,17
ak.ari.lt,wetdry.world,3
ak.ari.lt,sk.unix.dog,3
mastodonapp.uk,mastodonapp.uk,263
universeodon.com,universeodon.com,189
m.ai6yr.org,m.ai6yr.org,83
me.dm,me.dm,8
eientei.org,eientei.org,36
eientei.org,varishangout.net,7
eientei.org,clubcyberia.co,66
troet.cafe,troet.cafe,551
ak.kazuma.family,ak.kazuma.family,1
ak.kazuma.family,outerheaven.club,3
ak.kazuma.family,mewmew.moe,1
newsie.social,newsie.social,33
zirk.us,zirk.us,14
shitposter.world,norwoodzero.net,3
climatejustice.social,climatejustice.social,21
shitposter.world,poa.st,40
shitposter.world,shitposter.world,159
shitposter.world,declin.eu,1
shitposter.world,fedi.layer02.net,8
shitposter.world,nicecrew.digital,23
shitposter.world,mk.absturztau.be,1
shitposter.world,pl.kotobank.ch,1
shitposter.world,mai.waifuism.life,5
shitposter.world,cawfee.club,7
shitposter.world,clubcyberia.co,18
pol.social,pol.social,8
shitposter.world,fedi.furfag.biz,1
mastodon.de,ard.social,3
mastodon.de,sfba.social,3
mastodon.de,beige.party,1
mastodon.de,mastodon.de,15
mastodon.de,social.v.st,1
mastodon.de,mastodon.nz,1
netzsphaere.xyz,cawfee.club,4
netzsphaere.xyz,netzsphaere.xyz,132
netzsphaere.xyz,brain.worm.pink,12
netzsphaere.xyz,fedi.layer02.net,10
shitpost.cloud,poa.st,43
shitpost.cloud,nicecrew.digital,19
netzsphaere.xyz,girlboss.gaslight.love,42
ioc.exchange,ioc.exchange,20
soc.feditime.com,io.mwl.io,1
spinster.xyz,freeatlantis.com,2
ohai.social,ohai.social,47
retro.pizza,retro.pizza,261
decayable.ink,poa.st,245
c.im,c.im,102
mastodon.top,mastodon.top,112
freeradical.zone,freeradical.zone,19
mastodonsweden.se,mastodonsweden.se,19
trpg-o.xyz,trpg-o.xyz,31
netzsphaere.xyz,freeatlantis.com,2
botany.social,botany.social,9
dica.interfel.de,mstdn.social,1
dica.interfel.de,www.thenewsocial.de,1
mamuti.ieleja.lv,mamuti.ieleja.lv,6
masto.ai,masto.ai,154
social.coop,social.coop,32
hessen.social,hessen.social,14
ursal.zone,ursal.zone,20
chaosfem.tw,masto.ai,2
wank.social,wank.social,25
detroitriotcity.com,nicecrew.digital,27
imastodon.net,imastodon.net,123
planet.moe,planet.moe,913
peoplemaking.games,peoplemaking.games,5
blob.love,blob.love,8
mathstodon.xyz,mathstodon.xyz,40
social.lol,social.lol,28
zug.network,zug.network,45
mastodon.white-void.net,mastodon.white-void.net,2
ms.obak-key.com,ms.obak-key.com,7
flipping.rocks,flipping.rocks,10
submarin.online,submarin.online,18
mastodon.crazynewworld.net,mastodon.crazynewworld.net,29
mstdn.ca,follow.ethanmarcotte.com,1
mstdn.ca,mstdn.ca,1385
mstdn.ca,mstdn.ryanrobinson.ca,2
mstdn.ca,mastodon.social,666
mstdn.ca,bsky.brid.gy,8
greenish.red,lor.sh,1
greenish.red,linuxrocks.online,2
mamot.fr,mamot.fr,548
social.vivaldi.net,social.vivaldi.net,688
toot.community,toot.community,9
paquita.masto.host,paquita.masto.host,137
blorbo.social,blorbo.social,87
rivals.space,rivals.space,38
social.openrightsgroup.org,social.openrightsgroup.org,3
crossdon.com,crossdon.com,9
mstdn.poyo.me,mstdn.poyo.me,1
lotuskey.net,lotuskey.net,3
ukadon.shillest.net,ukadon.shillest.net,10
skaya.ligun.net,skaya.ligun.net,3
mstdn.guru,mstdn.guru,11
nrw.social,nrw.social,106
social.gibiris.org,wandering.shop,2
social.gibiris.org,social.gibiris.org,1
fnordon.de,fnordon.de,22
mastorol.es,mastorol.es,5
shelter.moe,shelter.moe,27
brain.worm.pink,brain.worm.pink,128
bassam.social,bassam.social,9
brain.worm.pink,boymilk.cafe,2
chaos.social,chaos.social,799
brain.worm.pink,wetdry.world,7
toot.cat,toot.cat,40
yourwalls.today,yourwalls.today,36
mastodon.art,mastodon.art,471
mastodon.ie,mastodon.ie,138
girlboss.gaslight.love,stereophonic.space,1
girlboss.gaslight.love,girlboss.gaslight.love,20
sueden.social,sueden.social,21
sfba.social,sfba.social,220
mstdn.ca,tech.lgbt,29
mstdn.ca,beige.party,285
mstdn.ca,mastodon.online,85
mstdn.ca,thepit.social,13
mstdn.ca,caneandable.social,46
mstdn.ca,octodon.social,12
mstdn.ca,social.linux.pizza,4
mstdn.ca,dragonscave.space,43
mstdn.ca,sfba.social,58
mstdn.ca,newsie.social,23
clew.lol,cum.salon,8
mastodon.bot,mastodon.bot,11
mastodon.stickbear.me,fedi.adamm.cc,10
mastodon.stickbear.me,dragonscave.space,33
shortstacksran.ch,nicecrew.digital,13
shortstacksran.ch,misskey.yandere.love,3
shortstacksran.ch,noauthority.social,1
aklp.club,plasmatrap.com,1
friendica.katholisch.social,fosstodon.org,1
ak.angelstrapped.com,ak.angelstrapped.com,1
kind.social,kind.social,48
mstdn.yuicho.net,mstdn.yuicho.net,6
simian.rodeo,simian.rodeo,3
social.joshtriplett.org,toot.cat,2
wandering.shop,wandering.shop,87
kotobaphil-mtdn.eu,kotobaphil-mtdn.eu,3
nyan.network,bark.lgbt,1
mstdn.ca,mastodon.world,58
mstdn.ca,freeradical.zone,2
mstdn.ca,fosstodon.org,25
spinster.xyz,poa.st,13
mstdn.ca,ohai.social,30
mstdn.ca,zirk.us,9
sakurajima.moe,sakurajima.moe,10
mstdn.ca,wandering.shop,30
shortstacksran.ch,varishangout.net,2
shortstacksran.ch,mugicha.club,3
shortstacksran.ch,poa.st,8
shortstacksran.ch,wolfgirl.bar,2
shortstacksran.ch,spinster.xyz,1
shortstacksran.ch,norwoodzero.net,1
shortstacksran.ch,pone.social,5
shrike.club,shrike.club,11
mastodon.nz,mastodon.nz,73
tkz.one,tkz.one,6
mstdn.mx,mstdn.mx,8
detroitriotcity.com,detroitriotcity.com,50
hellspawn.gay,transfem.social,10
hellspawn.gay,hellspawn.gay,20
donotsta.re,mas.to,1
hellspawn.gay,kitsunes.gay,4
botsin.space,botsin.space,23
mstdn.ca,todon.eu,1
mstdn.ca,social.coop,13
mstdn.ca,social.cologne,1
spinster.xyz,noauthority.social,29
mstdn.ca,hachyderm.io,30
mstdn.ca,jasette.facil.services,7
mastodon.nu,mastodon.nu,90
mstdn.ca,hear-me.social,10
bolha.one,bolha.one,34
functional.cafe,functional.cafe,6
norwoodzero.net,pl.valkyrie.world,1
norden.social,norden.social,303
netzsphaere.xyz,queer.hacktivis.me,6
netzsphaere.xyz,mk.absturztau.be,1
netzsphaere.xyz,misskey.bubbletea.dev,1
netzsphaere.xyz,shitposter.world,10
cupoftea.social,cupoftea.social,14
mstdn.maud.io,mstdn.maud.io,64
framapiaf.org,framapiaf.org,62
chaosfem.tw,mastodon.sandwich.net,1
chaosfem.tw,corteximplant.com,1
chaosfem.tw,anarres.family,4
chaosfem.tw,mas.to,2
shitpost.cloud,cawfee.club,3
social.teia.bio.br,social.br-linux.org,1
social.teia.bio.br,bolha.one,1
detroitriotcity.com,breastmilk.club,5
detroitriotcity.com,rebel.ar,1
detroitriotcity.com,varishangout.net,6
detroitriotcity.com,clubcyberia.co,2
detroitriotcity.com,zhub.link,1
spinster.xyz,bgme.me,1
noauthority.social,noauthority.social,308
chaosfem.tw,mstdn.social,3
chaosfem.tw,sauropods.win,2
weird.autos,weird.autos,6
subdued.social,subdued.social,10
swiss.social,swiss.social,2
brain.worm.pink,tech.lgbt,3
spinster.xyz,hispagatos.space,1
postnstuffds.lol,nicecrew.digital,5
mistodon.cloud,mistodon.cloud,25
musicians.today,musicians.today,8
donotsta.re,wetdry.world,3
corneill.es,corneill.es,3
famichiki.jp,famichiki.jp,25
mementomori.social,mementomori.social,6
mastodontech.de,mastodontech.de,26
freiburg.social,freiburg.social,2
xn--p1abe3d.xn--80asehdb,sacred.harpy.faith,2
decayable.ink,nicecrew.digital,340
decayable.ink,clew.lol,42
social.xenofem.me,hellspawn.gay,2
decayable.ink,eveningzoo.club,34
decayable.ink,shitposter.world,11
decayable.ink,norwoodzero.net,1
social.adridoesthings.com,social.adridoesthings.com,43
shakedown.social,shakedown.social,39
chalk.moe,chalk.moe,7
techhub.social,techhub.social,75
annihilation.social,annihilation.social,232
precure.ml,precure.ml,2
annihilation.social,sacred.harpy.faith,29
annihilation.social,nicecrew.digital,432
annihilation.social,clubcyberia.co,22
annihilation.social,social.vivaldi.net,8
annihilation.social,poa.st,111
annihilation.social,noauthority.social,49
annihilation.social,www.minds.com,23
annihilation.social,majestic12.airforce,23
annihilation.social,detroitriotcity.com,5
mstdn.ca,universeodon.com,64
mstdn.ca,mas.to,88
mstdn.ca,calckey.world,9
mstdn.ca,fwoof.space,13
mstdn.ca,mastodon.scot,8
mofu.kemo.no,mofu.kemo.no,12
mstdn.ca,mstdn.moimeme.ca,41
eveningzoo.club,nicecrew.digital,77
eveningzoo.club,noauthority.social,9
eveningzoo.club,detroitriotcity.com,2
mstdn.ca,toots.ravenoak.dev,1
mstdn.ca,infosec.exchange,94
mstdn.ca,mastodon.bsd.cafe,9
mstdn.ca,cosocial.ca,34
mstdn.ca,toot.wales,10
micro.marcriera.cat,micro.marcriera.cat,3
mstdn.ca,sigmoid.social,1
mstdn.ca,socialbc.ca,1
mstdn.ca,toot.io,3
mstdn.ca,veganism.social,2
akko.wtf,social.vlhl.dev,1
akko.wtf,eepy.moe,5
akko.wtf,brotka.st,2
mastodon.sdf.org,mastodon.sdf.org,49
mstdn.ca,mastodon.sdf.org,20
mstdn.ca,hostux.social,2
mstdn.ca,sportsbots.xyz,14
mstdn.ca,stefanbohacek.online,2
mstdn.ca,toot.cat,7
mstdn.ca,theblower.au,10
mstdn.ca,mstdn.social,140
mstdn.ca,ruby.social,1
mstdn.ca,toot.community,6
dice.camp,dice.camp,135
seal.cafe,seal.cafe,21
ponies.social,ponies.social,15
oc.todon.fr,oc.todon.fr,12
digipres.club,digipres.club,21
socel.net,socel.net,6
oldbytes.space,oldbytes.space,8
twiukraine.com,twiukraine.com,5
freesoftwareextremist.com,social.xenofem.me,1
freesoftwareextremist.com,suya.place,1
freesoftwareextremist.com,mi.shiromaru.work,1
freesoftwareextremist.com,catposter.club,1
freesoftwareextremist.com,minidisc.tokyo,3
freesoftwareextremist.com,infosec.exchange,1
freesoftwareextremist.com,mastodon.online,2
social.xenofem.me,hollow.raccoon.quest,1
toot.wales,toot.wales,20
seal.cafe,annihilation.social,7
social.kyiv.dcomm.net.ua,social.kyiv.dcomm.net.ua,13
lebalkon.de,norden.social,1
metalhead.club,metalhead.club,5
gruene.social,gruene.social,14
mastodon.de,climatejustice.social,5
mastodon.de,zdf.social,1
c7.io,c7.io,16
whinge.town,whinge.town,12
mstdn.ca,disabled.social,13
mstdn.ca,mapstodon.space,5
mstdn.ca,social.ridetrans.it,3
mastodon.com.br,mastodon.com.br,6
brain.worm.pink,lab.nyanide.com,12
expressional.social,f3d1.eu,1
expressional.social,pol.social,1
expressional.social,101010.pl,3
socially.drinkingatmy.computer,shortstacksran.ch,1
mstdn.ca,mastodonapp.uk,7
mstdn.ca,lonestar.chat,2
clew.lol,decayable.ink,38
clew.lol,parcero.bond,1
clew.lol,mitra.taihou.website,6
clew.lol,ak.kyaruc.moe,3
clew.lol,mostr.pub,8
mstdn.ca,historians.social,8
mastodon.stickbear.me,babka.social,3
mastodon.stickbear.me,chatwithus.live,16
mastodon.stickbear.me,mastodon.stickbear.me,34
yourwalls.today,is.badat.dev,3
spinster.xyz,shitposter.world,34
decayable.ink,mugicha.club,3
decayable.ink,mostr.pub,2
decayable.ink,majestic12.airforce,3
decayable.ink,seal.cafe,8
brain.worm.pink,labyrinth.zone,6
brain.worm.pink,mk.noob.quest,8
clew.lol,annihilation.social,24
clew.lol,misskey.bubbletea.dev,1
clew.lol,seal.cafe,3
clew.lol,nicecrew.digital,61
clew.lol,majestic12.airforce,12
clew.lol,netzsphaere.xyz,4
clew.lol,shitpost.cloud,2
majestic12.airforce,seal.cafe,2
majestic12.airforce,clew.lol,12
majestic12.airforce,mostr.pub,1
majestic12.airforce,decayable.ink,8
majestic12.airforce,girlboss.gaslight.love,1
majestic12.airforce,posting.lolicon.rocks,1
indieweb.social,indieweb.social,28
clew.lol,lab.nyanide.com,1
clew.lol,hellspawn.gay,1
lepoulsdumonde.com,lepoulsdumonde.com,334
gohan-oisii.net,gohan-oisii.net,3
eveningzoo.club,poa.st,73
eveningzoo.club,gearlandia.haus,1
eveningzoo.club,clubcyberia.co,5
eveningzoo.club,eientei.org,1
mstdn.ca,zeroes.ca,53
mstdn.ca,tldr.nettime.org,5
mstdn.ca,techhub.social,21
mstdn.ca,urbanists.social,8
mstdn.ca,mastodon.cloud,6
mstdn.ca,social.tchncs.de,7
mstdn.ca,hackers.town,4
mstdn.ca,ieji.de,4
mstdn.ca,yeg.bike,14
mstdn.ca,ecoevo.social,1
mstdn.ca,mastodon.me.uk,10
mstdn.ca,flipboard.com,41
seal.cafe,decayable.ink,11
fedi.getimiskon.xyz,soc.sekundenklebertransportverbot.de,2
fedi.getimiskon.xyz,fedi.getimiskon.xyz,2
mastodon.xyz,mastodon.xyz,20
toot.krivokuca.dev,toot.krivokuca.dev,2
akko.wtf,java.duke.social,1
akko.wtf,kitsunes.club,1
schmaker.eu,blovice.bahnhof.cz,1
schmaker.eu,libera.site,1
inanimate.brainworms.nl,kind.social,1
inanimate.brainworms.nl,inanimate.brainworms.nl,1
lia.fail,piaille.fr,1
popindustry.org,popindustry.org,52
sunny.garden,sunny.garden,11
eientei.org,fluf.club,2
eientei.org,lizards.live,1
eientei.org,strelizia.net,1
eientei.org,ryona.agency,2
follow.agwa.name,mastodon.social,1
gamepad.club,gamepad.club,5
social.chinwag.org,social.chinwag.org,8
annihilation.social,parcero.bond,27
annihilation.social,postnstuffds.lol,30
eientei.org,cyberpunk.lol,1
social.vlhl.dev,woem.space,2
mental.social,mental.social,8
toad.social,toad.social,24
kirakiratter.com,kirakiratter.com,3
eveningzoo.club,annihilation.social,6
post.ebin.club,polyglot.city,1
post.ebin.club,mastodontti.fi,1
xarxa.cloud,xarxa.cloud,17
annihilation.social,eveningzoo.club,14
decayable.ink,annihilation.social,31
donotsta.re,functional.cafe,1
donotsta.re,masto.doskel.net,1
mastodon.au,mastodon.au,18
musician.social,musician.social,6
foresdon.jp,foresdon.jp,4
fedi.aria.dog,woem.men,1
social.shadowkat.net,catwithaclari.net,1
fedi.aria.dog,social.treehouse.systems,2
annihilation.social,netzsphaere.xyz,10
annihilation.social,loli.rodeo,1
mstdn.ca,mastodon.au,11
mstdn.ca,pagan.plus,4
mstdn.ca,mastodon.ie,12
mstdn.ca,avgeek.social,1
mstdn.ca,fedi.adamm.cc,14
mstdn.ca,social.chinwag.org,2
shigusegubu.club,tuusin.misono-ya.info,1
shigusegubu.club,furville.drinkanddrive.africa,1
shigusegubu.club,fedi.furfag.biz,3
norwoodzero.net,poa.st,14
shigusegubu.club,netzsphaere.xyz,3
norwoodzero.net,cawfee.club,2
class.lunanova.dev,plasmatrap.com,1
mapstodon.space,mapstodon.space,9
toot.blue,toot.blue,77
brain.worm.pink,social.karebu.gay,3
expressional.social,expressional.social,8
expressional.social,ieji.de,1
majestic12.airforce,detroitriotcity.com,4
cubhub.social,cubhub.social,8
corteximplant.com,corteximplant.com,8
akko.wtf,akko.wtf,3
fedi.furfag.biz,fedi.furfag.biz,9
fedi.furfag.biz,thicc.horse,1
livellosegreto.it,livellosegreto.it,20
helvede.net,helvede.net,4
aethy.com,aethy.com,11
tinylad.social,mastodon.social,2
ruby.social,ruby.social,21
chaosfem.tw,toot.lgbt,3
col.social,col.social,6
social.vlhl.dev,netzsphaere.xyz,3
social.vlhl.dev,zoner.work,1
social.kernel.org,fosstodon.org,1
social.kernel.org,mastodonczech.cz,1
thecanadian.social,thecanadian.social,2
mastodon.de,bonn.social,2
mastodon.de,chaos.social,8
mastodon.de,mastodon.social,17
mastodon.de,troet.cafe,25
mastodon.de,fem.social,1
mastodon.de,det.social,1
mastodon.de,swiss.social,1
is.badat.dev,mk.absturztau.be,4
social.earth.li,chaos.social,1
freesoftwareextremist.com,ligma.pro,1
freesoftwareextremist.com,fedi.layer02.net,1
mstdn.y-zu.org,mstdn.y-zu.org,13
esq.social,esq.social,9
seaofog.com,seaofog.com,14
akko.wtf,fedi.bungle.online,1
pouet.chapril.org,pouet.chapril.org,15
donphan.social,donphan.social,3
mirus.club,mirus.club,8
qdon.space,qdon.space,36
pleroma.soykaf.com,stereophonic.space,1
pleroma.soykaf.com,mk.asie.pl,1
pleroma.soykaf.com,netzsphaere.xyz,1
pleroma.soykaf.com,shitposter.world,4
spinster.xyz,bird.makeup,1
chaosfem.tw,girlcock.club,1
speedlines.stctp.zone,speedlines.stctp.zone,5
net4sw.com,net4sw.com,2
mstdn.nere9.help,mstdn.nere9.help,37
shitpost.cloud,greatape.casa,1
shitpost.cloud,shitposter.world,6
shitpost.cloud,girlboss.gaslight.love,1
shitpost.cloud,clubcyberia.co,7
bookwor.ms,bookwor.ms,7
ludosphere.fr,ludosphere.fr,19
mstdn.ca,mastodon.green,8
mstdn.ca,oliphant.social,1
mstdn.ca,oc.todon.fr,1
mstdn.ca,mstdn.party,9
spinster.xyz,gleasonator.com,1
social.xenofem.me,greatape.casa,1
woof.group,woof.group,13
mstdn.ca,c.im,26
mstdn.ca,mstdn.games,11
mstdn.ca,mstdn.chrisalemany.ca,21
mstdn.ca,tvwatch.party,4
xyzzy.link,ak.ari.lt,1
genomic.social,genomic.social,5
xyzzy.link,desu.social,1
xyzzy.link,mk.absturztau.be,1
urusai.social,urusai.social,20
expressional.social,mstdn.social,10
expressional.social,helvede.net,4
expressional.social,hachyderm.io,2
cyberpunk.lol,cyberpunk.lol,26
mastodon.gal,mastodon.gal,11
mstdn.ca,autistics.life,3
mstdn.ca,mast.hpc.social,2
mstdn.ca,ottawa.place,49
mstdn.ca,nextham.duckdns.org,6
mstdn.ca,en.osm.town,2
mstdn.ca,m.ai6yr.org,19
aklp.club,clew.lol,1
mstdn.ca,doomscroller.social,4
mstdn.ca,climatejustice.social,7
mstdn.ca,babka.social,8
mstdn.ca,setouchi.social,1
timetheft.social,timetheft.social,5
literatur.social,literatur.social,13
toot.ale.gd,toot.ale.gd,4
mstdn.ca,g0v.social,2
mstdn.ca,theatl.social,1
mstdn.ca,rssfeed.media,3
mastodon.me.uk,mastodon.me.uk,25
pray.angelos.shop,pray.angelos.shop,3
social.anoxinon.de,social.anoxinon.de,3
social.sciences.re,social.sciences.re,29
toot.net-pbx.com,toot.me.uk,1
toot.net-pbx.com,functional.cafe,2
udongein.xyz,annihilation.social,1
udongein.xyz,snac.bsd.cafe,1
annihilation.social,pl.starnix.network,1
annihilation.social,lab.nyanide.com,9
annihilation.social,udongein.xyz,6
annihilation.social,blob.cat,1
annihilation.social,social.hendrixgames.com,1
annihilation.social,socially.drinkingatmy.computer,3
annihilation.social,cum.salon,32
miniwa.moe,miniwa.moe,5
annihilation.social,subs4social.xyz,4
eientei.org,shitposter.world,10
lab.nyanide.com,lab.nyanide.com,28
eientei.org,ak.kyaruc.moe,4
gigaohm.bio,gigaohm.bio,15
www.librepunk.club,www.librepunk.club,3
detroitriotcity.com,loli.church,1
discuss.systems,discuss.systems,21
annihilation.social,freeatlantis.com,14
fedi.furfag.biz,socially.drinkingatmy.computer,1
fedi.furfag.biz,shitposter.world,2
mstdn.ca,deacon.social,2
mstdn.ca,rail.chat,1
mstdn.ca,flipboard.social,3
chaosfem.tw,thingy.social,4
chaosfem.tw,mstdn.party,1
chaosfem.tw,eldritch.cafe,1
chaosfem.tw,thicc.horse,1
chaosfem.tw,eigenmagic.net,1
chaosfem.tw,hugz.online,5
chaosfem.tw,mastodon.scot,1
mstdn.ca,hci.social,4
mstdn.ca,tweesecake.social,28
mstdn.ca,types.pl,8
annihilation.social,seal.cafe,9
annihilation.social,mostr.pub,11
annihilation.social,whinge.town,1
whinge.town,ryona.agency,2
whinge.town,mai.waifuism.life,3
whinge.town,annihilation.social,2
shortstacksran.ch,eientei.org,5
gearlandia.haus,gearlandia.haus,29
annihilation.social,spinster.xyz,13
annihilation.social,miraiverse.xyz,1
annihilation.social,the.asbestos.cafe,1
annihilation.social,fsebugoutzone.org,33
linfan.moe,yourwalls.today,6
mastodon.de,social.tchncs.de,7
mastodon.de,dresden.network,5
jade.moe,jade.moe,1
rebel.ar,rebel.ar,3
social.chiefgyk3d.com,social.chiefgyk3d.com,4
social.wildeboer.net,social.wildeboer.net,9
thegoatery.dyndns.org,mas.to,1
thegoatery.dyndns.org,thegoatery.dyndns.org,4
mstdn.ca,mastodon.nz,15
mstdn.ca,econtwitter.net,4
seal.cafe,clubcyberia.co,12
seal.cafe,poa.st,15
annihilation.social,girlboss.gaslight.love,8
gensokyo.social,gensokyo.social,2
toot.cafe,toot.cafe,29
annihilation.social,shitposter.world,28
detroitriotcity.com,www.minds.com,2
detroitriotcity.com,noauthority.social,5
detroitriotcity.com,mastodon.social,1
detroitriotcity.com,shitposter.world,7
fedi.absturztau.be,mk.absturztau.be,3
fedi.absturztau.be,tuusin.misono-ya.info,1
photog.social,photog.social,6
mstdn.ca,mas.corq.co,2
pointless.chat,pointless.chat,46
pokemon.mastportal.info,pokemon.mastportal.info,34
comunidad.nvda.es,comunidad.nvda.es,3
microbe.vital.org.nz,microbe.vital.org.nz,2
liberdon.com,liberdon.com,11
pkm.social,pkm.social,8
girlboss.gaslight.love,greatape.casa,4
girlboss.gaslight.love,fedi.furfag.biz,4
town.voyager.blue,town.voyager.blue,32
mstdn.ca,journa.host,16
mstdn.ca,thecanadian.social,20
mstdn.ca,isfeeling.social,1
mikuobsession.net,mikuobsession.net,2
freefree.ps,freefree.ps,4
daydream.ink,daydream.ink,3
donotsta.re,tech.lgbt,4
gamedev.lgbt,gamedev.lgbt,10
ak.ari.lt,plasmatrap.com,2
ak.ari.lt,178-79-132-43.ip.linodeusercontent.com,1
ak.ari.lt,ak.ari.lt,2
jam.xwx.moe,mamutovo.cz,1
jam.xwx.moe,mastodonczech.cz,1
jam.xwx.moe,cztwitter.cz,1
annihilation.social,mitra.taihou.website,1
persadon.com,persadon.com,2
social.trom.tf,fosstodon.org,1
mstdn.ca,socel.net,1
mstdn.ca,glasgow.social,1
vmst.io,vmst.io,11
gearlandia.haus,poa.st,19
gearlandia.haus,mugicha.club,4
triangletoot.party,triangletoot.party,4
social.vlhl.dev,pl.dav1d.xyz,1
social.vlhl.dev,hachyderm.io,2
social.vlhl.dev,plasmatrap.com,1
social.vlhl.dev,transfem.social,5
social.vlhl.dev,greatape.casa,2
social.vlhl.dev,functional.cafe,2
social.vlhl.dev,tech.lgbt,3
social.vlhl.dev,social.vlhl.dev,10
writing.exchange,writing.exchange,12
chattrbx.com,chattrbx.com,2
muenchen.social,muenchen.social,10
die-partei.social,die-partei.social,4
dabr.ca,dabr.ca,3
social.cologne,social.cologne,73
stefanbohacek.online,stefanbohacek.online,18
akko.quad.moe,akko.quad.moe,9
annihilation.social,pkteerium.xyz,7
ecoevo.social,ecoevo.social,4
annihilation.social,mstdn.starnix.network,3
annihilation.social,yourwalls.today,4
floofy.tech,floofy.tech,4
whinge.town,wl0.9ch.nl,18
whinge.town,poa.st,4
girlboss.gaslight.love,lizards.live,11
girlboss.gaslight.love,clew.lol,9
girlboss.gaslight.love,wl0.9ch.nl,9
girlboss.gaslight.love,mitra.taihou.website,14
girlboss.gaslight.love,dirtyknight.life,2
girlboss.gaslight.love,noauthority.social,1
girlboss.gaslight.love,lab.nyanide.com,4
douchi.space,douchi.space,2
spinster.xyz,imm.erge.to,2
decayable.ink,shitpost.cloud,12
decayable.ink,imm.erge.to,1
decayable.ink,fsebugoutzone.org,12
raptol.net,raptol.net,8
pleroma.autogeree.net,mathstodon.xyz,1
shitpost.cloud,shortstacksran.ch,3
mstdn.ca,fedi.ml,1
mstdn.ca,neuromatch.social,4
mstdn.ca,aus.social,34
mstdn.ca,nerdculture.de,2
mstdn.ca,better.boston,2
allovertheplace.ca,procrastodon.net,4
allovertheplace.ca,allovertheplace.ca,4
allovertheplace.ca,mstdn.ca,2
mstdn.ca,neurodifferent.me,2
mstdn.ca,meow.social,2
mstdn.ca,social.horrorhub.club,2
mstdn.ca,genomic.social,3
mstdn.ca,floss.social,2
mstdn.ca,bofh.social,1
mstdn.ca,apobangpo.space,2
layer8.space,layer8.space,7
netzsphaere.xyz,yourwalls.today,2
netzsphaere.xyz,fedi.getimiskon.xyz,6
netzsphaere.xyz,the.asbestos.cafe,8
netzsphaere.xyz,mai.waifuism.life,2
mastodon.education,mastodon.education,3
seal.cafe,nicecrew.digital,19
mastodon.design,mastodon.design,6
pkteerium.xyz,nicecrew.digital,1
pkteerium.xyz,freeatlantis.com,2
chaosfem.tw,friendsofdesoto.social,1
void.lgbt,brain.worm.pink,5
void.lgbt,possum.city,1
void.lgbt,ice.arimelody.me,3
mastodon.de,norden.social,12
shitpost.cloud,shitpost.cloud,14
shitpost.cloud,mugicha.club,5
iyasaretai.pw,iyasaretai.pw,4
front-end.social,front-end.social,7
social.teia.bio.br,plural.masdivago.cc,1
mstdn.ca,toottoot.eu,1
mstdn.ca,threads.net,21
mstdn.ca,masto.deoan.org,1
camp.smolnet.org,camp.smolnet.org,3
bildung.social,bildung.social,6
101010.pl,101010.pl,1
shitpost.cloud,5dollah.click,2
jade.moe,www.librepunk.club,1
decayable.ink,postnstuffds.lol,18
decayable.ink,vive.im,1
hcommons.social,hcommons.social,6
annihilation.social,decayable.ink,48
whinge.town,fedi.bungle.online,1
yourwalls.today,transfem.social,1
yourwalls.today,buff.tomboyfan.club,1
yourwalls.today,shitposter.world,1
mstdn.ca,gaypirates.club,1
akko.wtf,labyrinth.zone,2
udongein.xyz,mk.absturztau.be,1
udongein.xyz,tech.lgbt,1
akko.wtf,snug.moe,1
mastodon.de,ohai.social,2
akk.fedcast.ch,swiss.social,1
akk.fedcast.ch,chaos.social,2
akk.fedcast.ch,troet.cafe,1
akk.fedcast.ch,mastodon.online,2
akk.fedcast.ch,mastodon.green,1
akk.fedcast.ch,mastodon.world,1
mstdn.ca,not.an.evilcyberhacker.net,1
mstdn.ca,friendica.myportal.social,4
mstdn.ca,venera.social,2
mstdn.ca,crooklyn.social,2
mstdn.ca,christmas.tattoo,2
mstdn.ca,witter.cz,4
mstdn.ca,masto.ai,30
social.xenofem.me,fedi.aria.dog,1
social.xenofem.me,netzsphaere.xyz,3
fe.disroot.org,mastodon.ml,2
mastodon.juggler.jp,mastodon.juggler.jp,19
mastodon.la,mastodon.la,15
toot.lv,toot.lv,5
kancolle.social,kancolle.social,3
wspanialy.eu,mastodon.online,1
socially.drinkingatmy.computer,lain.com,2
lain.com,netzsphaere.xyz,2
seal.cafe,shitpost.cloud,3
seal.cafe,shitposter.world,11
seal.cafe,socially.drinkingatmy.computer,2
seal.cafe,lizards.live,10
seal.cafe,catposter.club,1
seal.cafe,fedi.layer02.net,2
seal.cafe,ak.kyaruc.moe,1
seal.cafe,honk.moe,3
seal.cafe,stereophonic.space,1
seal.cafe,mostr.pub,5
girlboss.gaslight.love,fsebugoutzone.org,8
girlboss.gaslight.love,brain.worm.pink,3
mstdn.ca,convo.casa,2
mstdn.ca,bookstodon.com,4
gigaohm.bio,poa.st,1
gigaohm.bio,mostr.pub,1
girlboss.gaslight.love,netzsphaere.xyz,26
mstdn.ca,sauropods.win,23
mstdn.ca,turtleisland.social,4
mstdn.ca,woof.group,2
mstdn.ca,growers.social,2
mstdn.ca,mastodon.uno,2
mstdn.ca,mindly.social,18
mstdn.ca,wetdry.world,1
mstdn.ca,todon.nl,2
mstdn.ca,fnordon.de,2
brain.worm.pink,social.xenofem.me,6
social.ridetrans.it,social.ridetrans.it,4
social.hatsusixty.in,social.vlhl.dev,1
social.hatsusixty.in,ck.catwithaclari.net,2
social.hatsusixty.in,is-a.wyvern.rip,1
mstdn.ca,mamot.fr,7
mstdn.ca,masto.pt,1
mstdn.ca,berlin.social,1
mstdn.ca,vt.social,1
mastodon.de,graz.social,3
mastodon.de,fairmove.net,2
posting.lolicon.rocks,misskey.bubbletea.dev,1
posting.lolicon.rocks,nicecrew.digital,1
decayable.ink,parcero.bond,1
florp.social,girldick.gay,3
florp.social,tech.lgbt,1
mstdn.ca,lgbtqia.space,7
mstdn.ca,kitty.social,2
tiggi.es,tiggi.es,9
the.asbestos.cafe,the.asbestos.cafe,54
piraten-partei.social,piraten-partei.social,5
ruhr.social,ruhr.social,11
freesoftwareextremist.com,mai.waifuism.life,2
freesoftwareextremist.com,fops.cloud,1
freesoftwareextremist.com,outerheaven.club,1
genserver.social,eigenmagic.net,1
genserver.social,mastodon.nz,1
mastodon-belgium.be,mastodon-belgium.be,4
socially.drinkingatmy.computer,the.asbestos.cafe,1
socially.drinkingatmy.computer,suya.place,2
socially.drinkingatmy.computer,subby.solutions,1
socially.drinkingatmy.computer,greatape.casa,1
mstdn.ca,med-mastodon.com,10
mstdn.ca,archaeo.social,1
mstdn.ca,pawb.fun,3
annihilation.social,merovingian.club,12
shpposter.club,tuusin.misono-ya.info,4
brain.worm.pink,freerobuxextremist.com,1
brain.worm.pink,masto.doskel.net,1
brain.worm.pink,void.lgbt,12
brain.worm.pink,dirtyknight.life,1
sonomu.club,sonomu.club,2
gearlandia.haus,mstdn.starnix.network,2
gearlandia.haus,guns.krackhou.se,1
gearlandia.haus,whinge.town,2
eientei.org,the.asbestos.cafe,4
critter.cafe,critter.cafe,15
akko.wtf,mai.waifuism.life,1
soc.ottr.uk,soc.ottr.uk,2
pkteerium.xyz,noauthority.social,1
f.kawa-kun.com,masto.doskel.net,1
f.kawa-kun.com,f.kawa-kun.com,1
junimo.party,toot.garden,4
junimo.party,junimo.party,2
mastodon.stickbear.me,tweesecake.social,17
donotsta.re,fearness.org,2
donotsta.re,catboy.baby,3
donotsta.re,bark.lgbt,2
donotsta.re,toot.kif.rocks,1
donotsta.re,cooltrans.men,1
solarpunk.moe,solarpunk.moe,5
florp.social,mk.cpluspatch.com,7
florp.social,cyberpunk.lol,1
mstdn.ca,cupoftea.social,4
mastodon.cardina1.red,mastodon.cardina1.red,15
vrc-ins.net,vrc-ins.net,3
friendica.eskimo.com,mastodon.social,3
ak.kazuma.family,mastodon.social,1
social.shadowkat.net,woem.men,1
seal.cafe,tuusin.misono-ya.info,2
seal.cafe,cawfee.club,2
skyhook.monster,skyhook.monster,1
eveningzoo.club,eveningzoo.club,20
eveningzoo.club,poster.place,1
mastodon.cr,mastodon.cr,1
sacred.harpy.faith,mast.shitpostbot.com,1
social.b0t.at,social.b0t.at,9
ilja.space,pleroma.soykaf.com,1
xelebre.com,xelebre.com,20
social.nomagic.uk,mamot.fr,1
pleroma.pch.net,mastodon.online,1
ms.cratonsed.ge,ms.cratonsed.ge,5
500plus.slavistapl.eu.org,mastodon.social,1
soc.feditime.com,snac.smithies.me.uk,1
ambrosia.cafe,bitbang.social,1
toot.rainbow-100.com,bitbang.social,1
asso.lgbt,asso.lgbt,5
agora-thinktanks.social,agora-thinktanks.social,3
zia.io,cyberplace.social,1
foxylo.xyz,mastodon.scot,1
inne.city,fnordon.de,2
pleroma.zabaglione.net,mastodon.social,1
chitter.xyz,chitter.xyz,11
fediscience.org,fediscience.org,61
dresden.network,dresden.network,15
bark.lgbt,bark.lgbt,14
eientei.org,mitra.taihou.website,1
brain.worm.pink,social.translunar.academy,3
brain.worm.pink,tau-ceti.space,1
brain.worm.pink,linfan.moe,12
mastodon.gomzik.xyz,mastodon.gomzik.xyz,4
fedi.feministwiki.org,shitposter.world,1
fabler.su,m.ocsf.in,2
fabler.su,fabler.su,1
mstdn.ca,famichiki.jp,36
mstdn.ca,mstdn.plus,1
djsumdog.com,shitposter.world,3
body.social,body.social,14
djsumdog.com,clubcyberia.co,1
infosec.place,infosec.place,2
shitposter.world,shitpost.cloud,2
shitposter.world,varishangout.net,14
shitposter.world,girlboss.gaslight.love,2
shitposter.world,lizards.live,5
shitposter.world,mugicha.club,3
shitposter.world,snac.lab8.cz,2
shitposter.world,clew.lol,4
xn--xxa.computer,xn--xxa.computer,4
mozilla.social,mozilla.social,6
social.fbxl.net,djsumdog.com,1
social.fbxl.net,poa.st,2
social.fbxl.net,www.minds.com,1
mstdn.ca,social.mushroomfm.com,2
mstdn.dgm.pw,mstdn.dgm.pw,3
kill-corporations.enterprises,kill-corporations.enterprises,5
kill-corporations.enterprises,brain.worm.pink,3
fluf.club,fluf.club,21
mastobate.social,arabi.gay,1
gayrobot.club,gayrobot.club,1
fedi.aria.dog,fedi.aria.dog,1
fedi.aria.dog,brain.worm.pink,1
netzsphaere.xyz,whinge.town,1
netzsphaere.xyz,brotka.st,3
vm.io,vm.io,5
seal.cafe,mai.waifuism.life,1
decayable.ink,misskey.io,1
yourwalls.today,estrogen.network,1
akko.isabelroses.com,florp.social,5
social.tudbut.de,social.tudbut.de,2
lile.cl,lile.cl,8
trees.social,trees.social,3
bibletalk.social,bibletalk.social,5
rpgmaker.cafe,rpgmaker.cafe,2
mstdn.c4jhr.org,mstdn.c4jhr.org,3
declin.eu,shitposter.world,2
vocalfry.social,infosec.exchange,1
norn.moe,gameliberty.club,1
mstdn.ca,calckeymusic.social,1
mstdn.ca,epistolary.org,1
mstdn.ca,pixelfed.de,1
mstdn.ca,qoto.org,4
brain.worm.pink,sauropods.win,6
netzsphaere.xyz,mitra.taihou.website,11
is.badat.dev,donotsta.re,4
is.badat.dev,toot.kif.rocks,1
social.gl-como.it,puntarella.party,2
arielfinn.social,arielfinn.social,8
industryplant.club,industryplant.club,17
mastodon.mariobreskic.de,mastodon.mariobreskic.de,1
beach.city,beach.city,8
gigaohm.bio,spinster.xyz,1
mstdn.ca,social.bau-ha.us,1
mstdn.ca,me.dm,3
mstdn.ca,toad.social,8
snabelen.no,snabelen.no,8
akko.quad.moe,mstdn.io,6
sciences.social,sciences.social,10
ika.queloud.net,ika.queloud.net,6
hellspawn.gay,wetdry.world,4
nunu.fedicity.net,nunu.fedicity.net,3
mstdn-jp.site,mstdn-jp.site,14
expressional.social,progressivecafe.social,2
sacred.harpy.faith,poa.st,5
sacred.harpy.faith,clubcyberia.co,6
sacred.harpy.faith,cawfee.club,1
chaosfem.tw,mendeddrum.org,1
netzsphaere.xyz,ak.kyaruc.moe,2
brain.worm.pink,kill-corporations.enterprises,8
annihilation.social,fedi.layer02.net,3
kooapp.org,mastodon.social,4
kooapp.org,ursal.zone,1
netzsphaere.xyz,annihilation.social,3
decayable.ink,breastmilk.club,4
brain.worm.pink,yourwalls.today,14
brain.worm.pink,transfem.social,4
shigusegubu.club,akko.quad.moe,1
justbros.xyz,pl.kitsunemimi.club,1
mstdn.fr,mstdn.fr,10
friend.enby-box.de,sueden.social,1
spinster.xyz,cawfee.club,6
mstdn.ca,social.dinn.ca,10
mstdn.ca,social.vivaldi.net,12
poofion.com,poofion.com,6
mstdn.v-elf.com,mstdn.v-elf.com,3
spinster.xyz,genderheretics.xyz,2
miniwa.moe,a.n0id.space,1
tl1.yumenosora.net,ukadon.shillest.net,1
akko.wtf,woem.men,3
akko.wtf,miau.jeder.pl,1
social.fabienphoto.eu,piaille.fr,2
fedi.getimiskon.xyz,fearness.org,3
fedi.worf.win,mastodon.social,2
fuzzies.wtf,fuzzies.wtf,3
hellspawn.gay,snug.moe,2
hellspawn.gay,socially.drinkingatmy.computer,1
hellspawn.gay,lizards.live,2
hellspawn.gay,labyrinth.zone,3
hellspawn.gay,mk.moth.zone,5
girlboss.gaslight.love,mk.noob.quest,2
girlboss.gaslight.love,whinge.town,3
seal.cafe,amala.schwartzwelt.xyz,2
mast.dragon-fly.club,mast.dragon-fly.club,3
hci.social,hci.social,6
netzsphaere.xyz,movsw.0x0.st,9
netzsphaere.xyz,poa.st,2
mstdn.ca,mastodon.murkworks.net,1
mstdn.ca,retro.pizza,2
mstdn.ca,spacey.space,1
mstdn.ca,kind.social,9
mstdn.ca,petrous.vislae.town,3
mstdn.ca,fed.sbcloud.cc,1
mstdn.ca,stranger.social,11
mstdn.ca,cutie.city,2
mstdn.ca,evil.social,1
chaosfem.tw,circumstances.run,1
chaosfem.tw,sakurajima.moe,1
masto.nyc,masto.nyc,3
theblower.au,theblower.au,4
annihilation.social,clew.lol,16
arc-en-ciel.hostdon.ne.jp,arc-en-ciel.hostdon.ne.jp,3
mastodon.energy,mastodon.energy,8
tacobelllabs.net,tacobelllabs.net,4
gameliberty.club,gameliberty.club,1
detroitriotcity.com,annihilation.social,3
detroitriotcity.com,majestic12.airforce,1
detroitriotcity.com,shota.house,2
outerheaven.club,outerheaven.club,8
detroitriotcity.com,moar.cachapa.xyz,1
wspanialy.eu,101010.pl,1
detroitriotcity.com,the.asbestos.cafe,1
systemli.social,systemli.social,2
mastodon.stickbear.me,fwoof.space,14
mastodon.stickbear.me,mstdn.games,4
mstdn.ca,dads.cool,2
climatejustice.global,climatejustice.global,11
otadon.com,otadon.com,3
gingadon.com,gingadon.com,3
tuusin.misono-ya.info,shitposter.world,23
cyberplace.social,cyberplace.social,5
social.shadowkat.net,social.shadowkat.net,4
social.shadowkat.net,dumbfuckingweb.site,1
tilde.zone,tilde.zone,9
eveningzoo.club,fsebugoutzone.org,6
eveningzoo.club,clew.lol,7
eveningzoo.club,freeatlantis.com,1
bbbdn.jp,bbbdn.jp,5
majestic12.airforce,postnstuffds.lol,7
majestic12.airforce,fsebugoutzone.org,2
iddqd.social,clubcyberia.co,4
shitpost.cloud,0.5dollah.click,1
shitpost.cloud,mostr.pub,1
chaosfem.tw,thetransagenda.gay,1
chaosfem.tw,mastodon.me.uk,1
netzsphaere.xyz,comp.lain.la,4
netzsphaere.xyz,pleroma.soykaf.com,4
netzsphaere.xyz,greatape.casa,2
netzsphaere.xyz,clew.lol,6
clew.lol,postnstuffds.lol,4
annihilation.social,brain.worm.pink,1
mstdn.ca,boing.world,1
mstdn.ca,dice.camp,5
mstdn.ca,xoxo.zone,3
mstdn.ca,krigskunst.social,2
deep-abyss.cloud,deep-abyss.cloud,25
masto.pt,masto.pt,5
floofy.tech,transfem.social,1
fedi.furfag.biz,clubcyberia.co,3
mstdn.ca,progressivecafe.social,2
mstdn.ca,ioc.exchange,2
mstdn.ca,digipres.club,1
clew.lol,pl.kitsunemimi.club,1
seal.cafe,sauropods.win,1
seal.cafe,social.teci.world,1
seal.cafe,fluffytail.org,1
floofy.tech,chitter.xyz,6
pleroma.envs.net,pleroma.envs.net,5
spinster.xyz,mastodon.online,1
annihilation.social,shitpost.cloud,4
annihilation.social,pieville.net,3
annihilation.social,social.bau-ha.us,1
canada.masto.host,canada.masto.host,2
postnstuffds.lol,decayable.ink,2
mastodon.zunda.ninja,mastodon.zunda.ninja,6
spore.social,spore.social,18
mstdn.ca,mastodon.stevesworld.co,2
mstdn.ca,cloudisland.nz,4
mstdn.ca,vmst.io,5
pfalz.social,pfalz.social,2
ak.ari.lt,shrimp.jo.wtf,2
ak.ari.lt,woem.men,2
wspanialy.eu,mastodon.social,1
fediverse.randomfoo.net,mathstodon.xyz,1
mastouille.fr,mastouille.fr,3
social.shadowkat.net,mk.asie.pl,1
social.shadowkat.net,transfem.social,1
girlboss.gaslight.love,hollow.raccoon.quest,1
mstdn.ca,shumai.xyz,1
mstdn.ca,scholar.social,6
mstdn.ca,mastodon.stickbear.me,22
mstdn.ca,polyglot.city,1
hellspawn.gay,woem.men,4
boymilk.cafe,greatape.casa,3
girlboss.gaslight.love,brotka.st,1
girlboss.gaslight.love,mastodon.world,4
girlboss.gaslight.love,nicecrew.digital,2
mstdn.ca,handmade.social,2
eientei.org,sacred.harpy.faith,8
eientei.org,fedi.furfag.biz,1
eientei.org,sk.girlthi.ng,1
void.lgbt,void.lgbt,27
post.ebin.club,post.ebin.club,6
social.gl-como.it,mastodon.bida.im,1
social.gl-como.it,toot.liw.fi,2
social.gl-como.it,social.gl-como.it,1
girlboss.gaslight.love,outerheaven.club,1
social.silosneeded.com,shitpost.cloud,1
genserver.social,persadon.com,1
netzsphaere.xyz,outerheaven.club,1
dragonscave.space,dragonscave.space,7
florp.social,florp.social,5
mstdn.ca,appdot.net,4
mstdn.ca,social.lol,3
mstdn.ca,troet.cafe,3
mstdn.ca,sunny.garden,10
mstdn.ca,lemm.ee,1
mstdn.ca,NerdJoy.social,3
donotsta.re,donotsta.re,10
annihilation.social,atomicpoet.org,1
annihilation.social,masto.brightfur.net,2
annihilation.social,wizard.casa,7
annihilation.social,snac.bsd.cafe,3
annihilation.social,friends.ravergram.club,2
annihilation.social,liberdon.com,6
annihilation.social,fedi.imu.li,1
blahaj.social,blahaj.social,4
agora.echelon.pl,scicomm.xyz,1
1uca.com,1uca.com,1
mastodon.de,infosec.exchange,2
expressional.social,mstdn.dk,2
thepit.social,thepit.social,5
social.immibis.com,fosstodon.org,1
social.andreva.cc,social.andreva.cc,3
mastodon.de,nrw.social,1
mastodon.de,pfalz.social,2
mastodon.de,rollenspiel.social,1
mastodon.de,mastodon.online,5
comp.lain.la,netzsphaere.xyz,2
mstdn.ca,mstdn.c4jhr.org,4
mstdn.ca,saturation.social,3
mstdn.ca,oldfriends.live,5
socially.drinkingatmy.computer,cawfee.club,3
socially.drinkingatmy.computer,clew.lol,1
socially.drinkingatmy.computer,wetdry.world,1
annihilation.social,social.teci.world,1
brain.worm.pink,fedi.aria.dog,3
brain.worm.pink,occult.institute,2
brain.worm.pink,booping.synth.download,2
brain.worm.pink,ak.ari.lt,3
brain.worm.pink,seafoam.space,1
corteximplant.net,corteximplant.net,8
panelinha.club,panelinha.club,1
soc.ottr.uk,macrofurs.social,1
norwoodzero.net,norwoodzero.net,7
norwoodzero.net,mugicha.club,1
norwoodzero.net,shitposter.world,4
yourwalls.today,fedi.furfag.biz,1
yourwalls.today,lab.nyanide.com,1
majestic12.airforce,lab.nyanide.com,1
majestic12.airforce,annihilation.social,2
mstdn.ca,mastodon.hams.social,2
mstdn.ca,mstd.seungjin.net,1
mstdn.ca,bbq.snoot.com,1
mstdn.ca,eldritch.cafe,2
mstdn.ca,flipping.rocks,4
mstdn.ca,autisticnomad.social,1
mstdn.ca,brettspiel.space,1
mstdn.ca,mastodon.ml,1
mstdn.ca,bluenoser.me,1
wspanialy.eu,wspanialy.eu,1
social.vlhl.dev,brotka.st,2
social.vlhl.dev,wetdry.world,1
mstdn.ca,vive.im,1
miraiverse.xyz,mai.waifuism.life,1
mastodon.de,flipboard.com,1
donotsta.re,todon.eu,1
infosec.place,mastodon.social,1
pleroma.lovetocode999.xyz,pleroma.lovetocode999.xyz,1
pleroma.elinvention.ovh,social.lol,1
fedi.absturztau.be,kitsunes.club,1
otogamer.me,otogamer.me,12
brain.worm.pink,mitra.taihou.website,1
mstdn.ca,sciencemastodon.com,1
mstdn.ca,social.joelle.us,2
mstdn.ca,kolektiva.social,32
mstdn.ca,fediscience.org,11
whinge.town,fsebugoutzone.org,1
mstdn.ca,helvede.net,1
mstdn.ca,dotnet.social,1
mstdn.ca,social.hnws.me,1
mstdn.ca,federate.social,3
pl.kpherox.dev,pl.kpherox.dev,11
mstdn.ca,mastodon.de,6
56k.dile-up.nl,icy.wyvern.rip,1
phpc.social,phpc.social,14
gayrobot.club,clubcyberia.co,4
social.applied-langua.ge,mastodon.tymoon.eu,3
yourwalls.today,fedi.layer02.net,1
awkward.place,fosstodon.org,1
chaosfem.tw,connectop.us,1
decayable.ink,social.teci.world,1
decayable.ink,cawfee.club,1
postnstuffds.lol,fsebugoutzone.org,1
eveningzoo.club,varishangout.net,1
eveningzoo.club,decayable.ink,19
gearlandia.haus,hidamari.apartments,1
hulvr.com,hulvr.com,1
agora.echelon.pl,toot.io,1
spinster.xyz,fedi.feministwiki.org,2
annihilation.social,toad.social,1
annihilation.social,bird.makeup,1
warhammer.social,warhammer.social,2
shortstacksran.ch,cawfee.club,2
shortstacksran.ch,ak.kyaruc.moe,4
shortstacksran.ch,gameliberty.club,1
shortstacksran.ch,fsebugoutzone.org,2
shortstacksran.ch,shortstacksran.ch,6
shortstacksran.ch,shitposter.world,3
shortstacksran.ch,xeno.glyphpress.com,1
fedi.furfag.biz,shigusegubu.club,1
oomfie.city,oomfie.city,3
final.town,final.town,1
drax.sh,shitposter.world,1
urbanists.social,urbanists.social,19
mastodon.stickbear.me,mastodon.social,2
mastodon.stickbear.me,universeodon.com,2
mastodon.stickbear.me,allovertheplace.ca,1
med-mastodon.com,med-mastodon.com,8
mstdn.ca,io.mwl.io,2
mstdn.ca,allovertheplace.ca,3
expressional.social,scicomm.xyz,2
expressional.social,mastodon.energy,1
netzsphaere.xyz,post.ebin.club,1
netzsphaere.xyz,xyzzy.link,3
netzsphaere.xyz,pl.kotobank.ch,1
normal.style,normal.style,3
inanimate.brainworms.nl,wetdry.world,2
mastobate.social,nsfw.social,1
mastobate.social,mastodon.social,1
social.sachsen-anhalt.de,social.sachsen-anhalt.de,3
social.labmonkeys.space,infosec.exchange,2
handon.club,handon.club,2
nachklang.net,nachklang.net,13
mstdn.ca,mastodon.radio,5
flipboard.social,flipboard.social,4
gearlandia.haus,varishangout.net,4
gearlandia.haus,breastmilk.club,1
bikeshed.vibber.net,bikeshed.vibber.net,13
brain.worm.pink,dev.aster.pages.gay,1
brain.worm.pink,kolektiva.social,1
hellspawn.gay,pupy.cafe,1
shitpost.cloud,lizards.live,1
shitpost.cloud,iddqd.social,1
shitpost.cloud,ebiverse.social,1
librosphere.fr,mastodon.uy,4
corteximplant.net,infosec.exchange,1
spinster.xyz,gigaohm.bio,1
postnstuffds.lol,postnstuffds.lol,1
netzsphaere.xyz,nicecrew.digital,1
eveningzoo.club,wolfgirl.bar,1
netzsphaere.xyz,social.xenofem.me,5
tsukihi.me,woem.men,1
mastodon.stickbear.me,stranger.social,3
mastodon.moule.world,mastodon.moule.world,1
lain.com,shitposter.world,3
lain.com,lizards.live,1
lain.com,varishangout.net,2
lain.com,poa.st,1
lain.com,mitra.taihou.website,1
expressional.social,photog.social,1
social.esmarconf.org,social.esmarconf.org,3
mstdn.ca,oceanplayground.social,7
fops.cloud,shitposter.world,2
fops.cloud,brotka.st,1
mstdn.ca,chaos.social,3
econtwitter.net,econtwitter.net,7
mastodon.de,tau-ceti.space,2
mastodon.de,sauropods.win,1
masto.ink,techhub.social,1
social.shadowkat.net,freesoftwareextremist.com,1
eientei.org,catposter.club,2
akk.fedcast.ch,social.tchncs.de,2
mstdn.ca,mastodon.transneptune.net,1
annihilation.social,honk.moe,1
post.ebin.club,shitposter.world,1
mikuobsession.net,msk.kitazawa.me,1
xyzzy.link,xyzzy.link,2
twoot.site,twoot.site,6
heads.social,heads.social,4
annihilation.social,shortstacksran.ch,2
mstdn.ca,retro.social,1
mstdn.ca,toot.bike,1
mstdn.ca,mathstodon.xyz,4
mstdn.ca,tdd.social,2
mastodon.de,photog.social,3
snack.social,snack.social,1
mstdn.ca,alaskan.social,2
mastodon.stickbear.me,mindly.social,2
annihilation.social,freerobuxextremist.com,1
annihilation.social,mk.spook.social,1
annihilation.social,cawfee.club,2
gigaohm.bio,noauthority.social,2
tuusin.misono-ya.info,shpposter.club,5
tuusin.misono-ya.info,lizards.live,2
tuusin.misono-ya.info,social.librem.one,1
shortstacksran.ch,socially.drinkingatmy.computer,3
floofy.tech,bark.lgbt,1
yourwalls.today,mstdn.io,1
yourwalls.today,social.xenofem.me,1
social.shadowkat.net,fosstodon.org,3
seal.cafe,chaos.social,1
donotsta.re,kitsunes.club,1
donotsta.re,mk.absturztau.be,1
shigusegubu.club,pl.kotobank.ch,2
shigusegubu.club,minidisc.tokyo,1
shigusegubu.club,shitposter.world,7
shigusegubu.club,gayrobot.club,1
autistics.life,autistics.life,5
masto.ink,mastodon.online,1
void.lgbt,meow.social,1
friends.cafe,friends.cafe,2
mastobate.social,bsky.brid.gy,1
mastobate.social,wank.social,2
mastobate.social,thicc.horse,1
mastobate.social,woof.group,4
eveningzoo.club,shitposter.world,5
eveningzoo.club,lab.nyanide.com,2
miha.hostdon.ne.jp,miha.hostdon.ne.jp,4
wien.rocks,wien.rocks,2
void.lgbt,labyrinth.zone,1
mstdn.ca,mastodon.cc,1
mstdn.ca,mastodon.nl,1
spinster.xyz,beige.party,1
mastodon.de,mas.to,4
shpposter.club,pleroma.soykaf.com,1
macrofurs.social,macrofurs.social,3
tuusin.misono-ya.info,freesoftwareextremist.com,5
piggo.space,queer.hacktivis.me,1
soc.punktrash.club,botsin.space,1
yggdrasil.social,clubcyberia.co,2
ayom.media,ayom.media,4
djsumdog.com,cawfee.club,1
greenish.red,mtdn.anyqn.com,1
toot.queer-lexikon.net,toot.queer-lexikon.net,1
bidule.menf.in,piaille.fr,1
pl.kitsunemimi.club,poa.st,5
federated.saagarjha.com,tech.lgbt,2
corteximplant.net,mastodon.social,1
nationalist.social,poa.st,8
thegem.city,thegem.city,3
nso.group,nso.group,9
thegoatery.dyndns.org,mastodon.green,1
declin.eu,ak.kazuma.family,1
nixie.name,nixie.name,10
fedi.furfag.biz,greatape.casa,2
pleroma.m68k.church,bitbang.social,1
mastodon.tails.ch,mastodon.tails.ch,8
hlad.org,mastodon.arch-linux.cz,1
social.moment.at,social.moment.at,10
greatjustice.net,greatjustice.net,3
social.wuatek.is,deadinsi.de,1
sayurili.hostdon.ne.jp,sayurili.hostdon.ne.jp,3
kfogel.org,sfba.social,1
florp.social,akko.isabelroses.com,4
fuzzyroots.net,toot.cat,1
pinksheep.org,mastodon.sdf.org,1
pleroma.tcweb.org,mamot.fr,1
bemrose.social,metalhead.club,1
social.incenp.org,mamot.fr,1
brettvormkopf.de,mastodon.social,1
follow.agwa.name,mastodon.nz,1
s.firecat53.net,mastodon.social,1
saturno.red,mastodon.de,1
social.brendans-bits.com,hachyderm.io,2
fedi.ml,mas.to,1
friend.enby-box.de,mastodon.social,1
furry.engineer,furry.engineer,19
union.place,union.place,14
pleroma.soykaf.com,pleroma.viridianpatriots.com,1
mastodon.de,sueden.social,4
mastodon.de,pixelfed.de,2
d-64.social,d-64.social,6
wspanialy.eu,society.oftrolls.com,1
alaskan.social,alaskan.social,1
sacred.harpy.faith,gearlandia.haus,1
shitposter.world,stereophonic.space,2
shitposter.world,annihilation.social,7
akko.wtf,queer.party,1
girlboss.gaslight.love,infosec.exchange,1
56k.dile-up.nl,mk.absturztau.be,1
amala.schwartzwelt.xyz,amala.schwartzwelt.xyz,4
hellspawn.gay,mk.absturztau.be,2
hellspawn.gay,social.vlhl.dev,6
hellspawn.gay,social.joelle.us,1
udongein.xyz,hachyderm.io,1
shitposter.world,mostr.pub,3
shitposter.world,mitra.taihou.website,11
shitposter.world,mk.magicka.org,3
shitposter.world,seal.cafe,7
shitposter.world,gearlandia.haus,1
shitposter.world,posting.lolicon.rocks,1
shitposter.world,detroitriotcity.com,5
shitposter.world,floss.social,1
mstdn.ca,trekkies.social,1
pl.kitsunemimi.club,clubcyberia.co,1
pl.kitsunemimi.club,wolfgirl.bar,1
pl.kitsunemimi.club,detroitriotcity.com,1
pl.kitsunemimi.club,misskey.yandere.love,1
fedi.jametek.com,chaos.social,1
seafoam.space,cooltrans.men,1
seafoam.space,brain.worm.pink,2
seafoam.space,wolfdo.gg,1
seafoam.space,kitty.social,1
pleroma.breizh.pm,pleroma.breizh.pm,2
mastodon.de,x0f.org,1
mastodon.de,tech.lgbt,1
ap.samueldr.com,functional.cafe,1
lazygeek.cafe,mastodon.sdf.org,1
floofy.tech,housecat.space,1
4d2.social,4d2.social,4
social.jlamothe.net,ohai.social,1
mstdn.ca,pubeurope.com,1
mstdn.ca,mastodon.kevga.de,1
mstdn.ca,guelph.social,1
eveningzoo.club,shortstacksran.ch,1
fed.sonnenmulde.at,literatur.social,1
glammr.us,glammr.us,6
detroitriotcity.com,ernestoacosta.org,1
social.caruso.one,mastodonapp.uk,1
spinster.xyz,mitra.taihou.website,3
spinster.xyz,wl0.9ch.nl,2
mstdn.ca,social.haugenh.us,2
mstdn.ca,cathode.church,2
mstdn.ca,exquisite.social,1
mstdn.ca,chirp.enworld.org,1
mstdn.ca,mastodon.nu,3
mstdn.ca,pennytucker.social,2
mstdn.ca,gnulinux.social,1
ifwo.eu,ifwo.eu,5
expressional.social,mementomori.social,2
ak.ari.lt,brain.worm.pink,1
social.dryusdan.fr,social.dryusdan.fr,2
woodworking.group,woodworking.group,3
mstdn.ca,spore.social,11
spinster.xyz,gameliberty.club,1
spinster.xyz,seal.cafe,1
mstdn.ca,mastodon.la,1
fe.disroot.org,masto.es,1
mastodon.de,kolektiva.social,2
freesoftwareextremist.com,poa.st,1
floofy.tech,chaos.social,1
hlad.org,spondr.cz,1
hlad.org,mastodonczech.cz,1
tyrol.social,tyrol.social,2
donotsta.re,woem.men,1
allovertheplace.ca,fwoof.space,1
mastodon.arch-linux.cz,mastodon.arch-linux.cz,1
clew.lol,ryona.agency,1
seal.cafe,noauthority.social,2
social.xenofem.me,yourwalls.today,1
clew.lol,iddqd.social,1
mstdn.ca,toot.cafe,5
social.vlhl.dev,talk.marq42.xyz,1
girlboss.gaslight.love,annihilation.social,7
girlboss.gaslight.love,ff.projecttyco.net,1
girlboss.gaslight.love,varishangout.net,1
mstdn.ca,linuxrocks.online,2
mstdn.ca,photog.social,6
brain.worm.pink,posts.rat.pictures,2
djsumdog.com,mastodon.sdf.org,1
djsumdog.com,poa.st,3
djsumdog.com,gameliberty.club,1
yourwalls.today,raru.re,4
bne.social,bne.social,2
floofy.tech,tech.lgbt,1
floofy.tech,packmates.org,1
brain.worm.pink,oomfie.city,3
eientei.org,wl0.9ch.nl,1
chaosfem.tw,follow.ethanmarcotte.com,2
eveningzoo.club,loli.church,1
socially.drinkingatmy.computer,decayable.ink,1
socially.drinkingatmy.computer,hai.z0ne.social,1
ak.ari.lt,crumb.lt,4
ak.ari.lt,mastodon.social,1
mastodon.de,hessen.social,6
void.lgbt,fedi.rrr.sh,1
brain.worm.pink,possum.city,1
akkoma.jonoabroad.com,hachyderm.io,2
akkoma.jonoabroad.com,mastodon.online,2
yourwalls.today,linfan.moe,4
linfan.moe,brain.worm.pink,3
linfan.moe,linfan.moe,4
snack.social,tech.lgbt,1
hellspawn.gay,zoner.work,2
snack.social,mastodon.gamedev.place,1
sosial.agdersam.no,shitpost.cloud,1
mstdn.ca,social.afront.org,3
mstdn.ca,social.growyourown.services,2
fedi.absturztau.be,fedi.absturztau.be,7
fedi.absturztau.be,dirtyknight.life,1
akko.quad.moe,blovice.bahnhof.cz,2
mastodon.cisti.org,mastodon.cisti.org,2
mstdn.ca,marimoko.biz,1
gearlandia.haus,www.minds.com,1
friendica.vrije-mens.org,mastodon.uno,1
sauropods.win,sauropods.win,7
social.xenofem.me,pl.kotobank.ch,1
social.ichibi.eu,theblower.au,1
eientei.org,cawfee.club,3
eientei.org,mai.waifuism.life,1
eientei.org,nekosat.work,1
channel.org,channel.org,6
mstdn.ca,chitter.xyz,1
udongein.xyz,social.xenofem.me,2
mstdn.ca,a2mi.social,1
bitbang.social,bitbang.social,2
apobangpo.space,apobangpo.space,1
romancelandia.club,romancelandia.club,4
whinge.town,fedi.layer02.net,1
whinge.town,princess.wedding,1
whinge.town,stereophonic.space,3
brain.worm.pink,app.wafrn.net,1
majestic12.airforce,clubcyberia.co,1
wisteria.cafe,blorbo.social,1
mstdn.ca,friendsofdesoto.social,2
kafeneio.social,kafeneio.social,4
mstdn.ca,mastodon.xyz,1
expressional.social,mastodon.gamedev.place,1
mastodon.stickbear.me,caneandable.social,7
majestic12.airforce,shitposter.world,1
yourwalls.today,netzsphaere.xyz,1
shigusegubu.club,brotka.st,2
social.vlhl.dev,gaysex.cloud,1
social.vlhl.dev,raru.re,1
social.vlhl.dev,snug.moe,2
radikal.social,radikal.social,8
hellspawn.gay,solarpunk.moe,1
hellspawn.gay,mastodon.art,1
annihilation.social,pl.dav1d.xyz,3
mastobate.social,h4.io,1
mstdn.ca,old.mermaid.town,1
mstdn.ca,episcodon.net,1
gearlandia.haus,0.5dollah.click,1
chaosfem.tw,tech.lgbt,4
social.vlhl.dev,mitra.taihou.website,1
decayable.ink,mai.waifuism.life,1
detroitriotcity.com,misskey.yandere.love,1
decayable.ink,cum.salon,2
detroitriotcity.com,gameliberty.club,2
mstdn.ca,ni.hil.ist,4
mstdn.ca,pixelfed.social,3
djsumdog.com,mitra.taihou.website,2
djsumdog.com,the.asbestos.cafe,1
djsumdog.com,noauthority.social,1
djsumdog.com,social.retroedge.tech,1
detroitriotcity.com,mugicha.club,2
detroitriotcity.com,shitpost.cloud,1
detroitriotcity.com,ligma.pro,1
brain.worm.pink,mk.absturztau.be,1
norwoodzero.net,armpit.space,1
norwoodzero.net,brain.worm.pink,1
norwoodzero.net,hellspawn.gay,1
shortstacksran.ch,decayable.ink,1
mastodon.de,literatur.social,1
mastodon.de,hachyderm.io,1
mastodon.de,bne.social,1
annihilation.social,eientei.org,2
shortstacksran.ch,lab.nyanide.com,2
mstdn.ca,indiepocalypse.social,1
mstdn.ca,birdbutt.com,2
mastodon.de,mastodon.green,3
friendica.eskimo.com,flipboard.com,1
mstdn.ca,awscommunity.social,6
mstdn.ca,groupe-tazor.com,2
mastodon.de,social.anoxinon.de,1
mastodon.de,grimgreenfo.rest,1
gaygeek.social,gaygeek.social,1
mstdn.ca,astrodon.social,2
mstdn.ca,ruhr.social,2
mahiradon.com,mahiradon.com,2
netzsphaere.xyz,kyou.social,1
shitpost.cloud,tuusin.misono-ya.info,2
spinster.xyz,m.cmx.im,1
corteximplant.net,mast.lat,1
corteximplant.net,gts.apicrim.es,1
girlboss.gaslight.love,cum.salon,3
girlboss.gaslight.love,fedi.layer02.net,9
rmbl.ing,rmbl.ing,3
netzsphaere.xyz,social.vlhl.dev,5
floofy.tech,botsin.space,1
nationalist.social,noauthority.social,1
akkoma.dogphilosophy.net,mastodon.social,1
spinster.xyz,nicecrew.digital,1
spinster.xyz,mostr.pub,1
mstdn.ca,localization.cafe,1
mstdn.ca,androiddev.social,4
mas.corq.co,mas.corq.co,1
brain.worm.pink,netzsphaere.xyz,4
brain.worm.pink,lizards.live,2
brain.worm.pink,hollow.raccoon.quest,1
brain.worm.pink,inanimate.brainworms.nl,2
donotsta.re,catgirl.center,1
hostux.social,hostux.social,9
mastodon.de,troet.social,6
mastodon.de,orfodon.org,1
netzsphaere.xyz,princess.wedding,4
netzsphaere.xyz,genau.qwertqwefsday.eu,1
netzsphaere.xyz,hollow.raccoon.quest,1
annihilation.social,wl0.9ch.nl,2
annihilation.social,ak.kyaruc.moe,6
socially.drinkingatmy.computer,mastodon.xyz,1
whinge.town,girlboss.gaslight.love,2
socially.drinkingatmy.computer,girlboss.gaslight.love,2
declin.eu,fedi.layer02.net,1
declin.eu,woem.space,1
mstdn.ca,mastodon.hongkongers.net,3
mstdn.ca,mstdn.kevinthetechguy.ca,1
clew.lol,cawfee.club,1
expressional.social,mastodon.sdf.org,1
shortstacksran.ch,mitra.taihou.website,1
akko.wtf,outerheaven.club,1
decayable.ink,caekis.love,1
shitpost.cloud,dirtyknight.life,1
social.dib.de,social.dib.de,3
iddqd.social,shitposter.world,1
iddqd.social,ryona.agency,1
spinster.xyz,mstdn.social,1
masto.ink,mastodon.social,1
toastedlord.duckdns.org,mastorol.es,1
toastedlord.duckdns.org,mastodon.social,1
masto.ink,social.net.ua,1
freesoftwareextremist.com,whinge.town,1
whinge.town,sacred.harpy.faith,2
junimo.party,brain.worm.pink,2
junimo.party,mastodon.hermitcollective.net,1
euproject.info,euproject.info,3
kemonodon.club,kemonodon.club,5
clew.lol,socially.drinkingatmy.computer,2
clew.lol,sacred.harpy.faith,2
clew.lol,clubcyberia.co,2
shortstacksran.ch,clubcyberia.co,1
void.lgbt,thicc.horse,4
decayable.ink,noauthority.social,1
mstdn.ca,girlcock.club,1
tsukihi.me,tsukihi.me,1
chaosfem.tw,social.coop,1
gearlandia.haus,eientei.org,3
mstdn.ca,mastodon.gamedev.place,7
mstdn.ca,curmudgeon.cafe,2
rhabarberbarbara.bar,rhabarberbarbara.bar,3
shitpost.cloud,lab.nyanide.com,5
shitpost.cloud,noauthority.social,2
shitpost.cloud,whinge.town,1
floofy.tech,firetribe.org,1
floofy.tech,cloth.social,1
floofy.tech,mastodon.social,1
djsumdog.com,social.quodverum.com,1
djsumdog.com,girlboss.gaslight.love,1
shigusegubu.club,shigusegubu.club,5
equestria.social,equestria.social,1
patriot.online,patriot.online,2
fedi.jankjellin.se,mastodon.nu,1
eientei.org,freesoftwareextremist.com,1
shitpost.cloud,social.vlhl.dev,1
shitpost.cloud,merovingian.club,1
tuusin.misono-ya.info,whinge.town,2
tuusin.misono-ya.info,girlboss.gaslight.love,1
girlboss.gaslight.love,poa.st,3
girlboss.gaslight.love,shitposter.world,4
girlboss.gaslight.love,boymilk.cafe,1
floofy.tech,tiggi.es,1
floofy.tech,tilde.zone,1
floofy.tech,hellspawn.gay,1
clew.lol,eveningzoo.club,2
clew.lol,mugicha.club,2
clew.lol,norwoodzero.net,1
fedi.reimu.info,social.lybry.net,2
librosphere.fr,librosphere.fr,2
netzsphaere.xyz,shrine.moe,1
netzsphaere.xyz,stereophonic.space,2
miraiverse.xyz,miraiverse.xyz,3
miraiverse.xyz,mas.to,1
mastodon.bida.im,mastodon.bida.im,8
shortstacksran.ch,milker.cafe,1
shitpost.cloud,freeatlantis.com,1
shitpost.cloud,caekis.love,1
shitpost.cloud,loli.church,1
eientei.org,gameliberty.club,1
netzsphaere.xyz,pl.valkyrie.world,2
mstdn.ca,masto.canadiancivil.com,5
mstdn.ca,toolsforthought.social,2
mastodon.de,mstdn.ca,1
annihilation.social,social.librem.one,4
expressional.social,astrodon.social,1
linfan.moe,brotka.st,1
linfan.moe,minidisc.tokyo,3
eientei.org,whinge.town,1
brain.worm.pink,bark.lgbt,1
tsukihi.me,anarres.family,2
under-bank.blue,under-bank.blue,2
tsukihi.me,mastodon.social,1
tsukihi.me,livellosegreto.it,1
odakyu.app,odakyu.app,1
annihilation.social,toots.tylerdavis.xyz,2
mastodon.stickbear.me,mastodon.online,1
mstdn.ca,dialup.cafe,1
tuusin.misono-ya.info,fsebugoutzone.org,1
mstdn.ca,defcon.social,6
mstdn.ca,kinky.business,1
eveningzoo.club,parcero.bond,2
eveningzoo.club,iddqd.social,1
eveningzoo.club,www.minds.com,1
expressional.social,mastodon.social,3
annihilation.social,psyopshop.com,1
social.vlhl.dev,weirder.earth,1
hacksrus.xyz,toot.cat,2
hacksrus.xyz,goto.fedi.existentialcry.systems,1
netzsphaere.xyz,pl.ebin.zone,1
netzsphaere.xyz,icy.wyvern.rip,1
fedi.absturztau.be,shitposter.world,1
chaosfem.tw,berlin.social,1
chaosfem.tw,infosec.exchange,2
akko.wtf,mastodon.redstonelp2.com,1
mastodon.stickbear.me,mstdn.ca,3
mastodon.stickbear.me,kind.social,1
freesoftwareextremist.com,clubcyberia.co,3
freesoftwareextremist.com,chaos.social,1
freesoftwareextremist.com,fedi.absturztau.be,1
freesoftwareextremist.com,greatape.casa,1
freesoftwareextremist.com,freeatlantis.com,1
freesoftwareextremist.com,cawfee.club,1
allovertheplace.ca,mastodon.stickbear.me,9
fe.disroot.org,shitpost.poridge.club,1
fe.disroot.org,mastodon.social,1
fe.disroot.org,toot.community,1
post.syobon.net,post.syobon.net,3
mstdn.ca,sportsfeed.me,2
otr.rocks,noauthority.social,1
mstdn.ca,jazztodon.com,1
mstdn.ca,bird.makeup,6
mstdn.ca,researchbuzz.masto.host,2
mstdn.ca,toot.bldrweb.org,1
podcasts.social,podcasts.social,7
akko.drgn.gay,glauca.space,1
akko.drgn.gay,social.noyu.me,1
jawns.club,jawns.club,1
fedi.feministwiki.org,a.bloodyno.se,1
mstdn.ca,tapbots.social,3
mstdn.ca,phpc.social,2
mstdn.ca,antisocial.existentialdread.com,1
mstdn.ca,podcastindex.social,1
mstdn.ca,chaosfem.tw,3
fe.disroot.org,quietplace.xyz,1
mastodon.de,soc.utzer.de,1
void.lgbt,transfem.social,4
mastodon.fozztexx.com,mastodon.fozztexx.com,9
clew.lol,noauthority.social,2
clew.lol,wolfgirl.bar,1
as89.it,mstdn.social,1
mstdn.ca,fedi.freakshit.org,1
mstdn.ca,mcr.wtf,2
donotsta.re,wandering.shop,1
orwell.fun,mastodon.social,1
orwell.fun,mastodon.cisti.org,1
fedi.absturztau.be,netzsphaere.xyz,4
fedi.absturztau.be,ak.kyaruc.moe,1
eveningzoo.club,5dollah.click,1
brain.worm.pink,cawfee.club,3
brain.worm.pink,fsebugoutzone.org,2
decayable.ink,honk.moe,3
dmv.community,dmv.community,5
norwoodzero.net,honk.moe,1
pkteerium.xyz,shitposter.world,1
pkteerium.xyz,shitpost.cloud,1
pkteerium.xyz,clubcyberia.co,1
dobbs.town,dobbs.town,2
social.tudbut.de,mastodon.social,1
mstdn.ca,wikis.world,1
mstdn.ca,libretooth.gr,1
djsumdog.com,sfba.social,1
spinster.xyz,merovingian.club,1
mstdn.ca,the-crossroads-inn.com,1
mstdn.ca,layer8.space,2
social.xenofem.me,mk.absturztau.be,1
mstdn.ca,mastodon.hermitcollective.net,1
mstdn.ca,pleroma.anduin.net,1
udongein.xyz,msky.snfsx.xyz,1
udongein.xyz,meow.social,1
ak.kazuma.family,wetdry.world,1
tuusin.misono-ya.info,lain.com,1
tuusin.misono-ya.info,mstdn.starnix.network,3
florp.social,chaos.social,1
florp.social,mk.absturztau.be,1
fe.disroot.org,friends.grishka.me,1
seal.cafe,lain.com,1
class.lunanova.dev,fedi.layer02.net,1
brain.worm.pink,chaosfem.tw,1
social.xenofem.me,movsw.0x0.st,1
mstdn.ca,peoplemaking.games,1
boymilk.cafe,lizards.live,1
netzsphaere.xyz,ebiverse.social,2
mstdn.ca,squawk.mytransponder.com,1
spinster.xyz,lab.nyanide.com,1
mstdn.ca,securitycafe.ca,1
mstdn.ca,hugz.online,3
mstdn.ca,dair-community.social,1
eveningzoo.club,ak.kyaruc.moe,1
fops.cloud,mk.absturztau.be,1
mstdn.ca,posts.jacobhaddon.com,1
federatedfandom.net,federatedfandom.net,5
mstdn.science,mstdn.science,3
post.ebin.club,pleroma.soykaf.com,1
social.gl-como.it,eigenmagic.net,1
fedi.nlpagan.net,mastodon.online,1
majestic12.airforce,parcero.bond,1
pl.pube.tk,freesoftwareextremist.com,1
pleroma.breizh.pm,mamot.fr,1
thoresson.social,thoresson.social,3
thepage.house,social.linux.pizza,2
hub.azkware.net,mstdn.mx,1
akkoma.jonoabroad.com,eigenmagic.net,1
dekkia.com,dekkia.com,4
posts.jacobhaddon.com,mastodon.social,1
pizza.enby.city,pizza.enby.city,3
infrastruct.social,infrastruct.social,3
fed.xnor.in,mastodon.art,1
akkoma.dogphilosophy.net,mas.to,1
fedi.vale.rocks,fosstodon.org,1
social.snamellit.com,infosec.exchange,1
magentix.space,mastodon.sdf.org,1
deep13.social,vmst.io,1
social.mynacol.xyz,social.jsteuernagel.de,1
strings.io,toot.cat,1
catgirls.party,mastodon.social,1
social.jlamothe.net,mastodon.social,1
floof.org,mastodon.social,1
void.lgbt,sakurajima.social,2
social.shadowkat.net,catboy.baby,3
colearn.social,colearn.social,3
shortstacksran.ch,shitpost.cloud,1
friendica.eskimo.com,snac.bsd.cafe,1
boymilk.cafe,boymilk.cafe,5
boymilk.cafe,hollow.raccoon.quest,2
boymilk.cafe,gameliberty.club,1
boymilk.cafe,brain.worm.pink,1
pl.dav1d.xyz,social.sveken.au,1
pl.dav1d.xyz,hollow.raccoon.quest,1
akk.fedcast.ch,base.nospy.net,1
social.logsequenz.de,social.logsequenz.de,3
mk.hoshisaki-h.com,mk.hoshisaki-h.com,4
whinge.town,clew.lol,2
corteximplant.net,masto.nobigtech.es,1
fedi.furfag.biz,girlboss.gaslight.love,2
mstdn.ca,ellieayla.net,1
mstdn.ca,glammr.us,1
oomfie.city,haunted.computer,5
oomfie.city,social.xenofem.me,3
post.ebin.club,shigusegubu.club,1
shitposter.world,cum.salon,2
weatherishappening.network,weatherishappening.network,2
junimo.party,mastodon.lubar.me,1
tuusin.misono-ya.info,pl.starnix.network,1
social.shadowfacts.net,mastodon.social,1
synapse.cafe,beige.party,1
mstdn.ca,hulvr.com,1
shitposter.world,eientei.org,2
shitposter.world,boymilk.cafe,2
shitposter.world,noauthority.social,2
shitposter.world,mk.gabe.rocks,1
shitposter.world,netzsphaere.xyz,3
shitpost.cloud,breastmilk.club,1
yggdrasil.social,detroitriotcity.com,2
yggdrasil.social,lab.nyanide.com,1
shitposter.world,fsebugoutzone.org,6
shitposter.world,queer.hacktivis.me,4
shitposter.world,soc.port0.org,1
shitposter.world,wolfgirl.bar,1
shitposter.world,lab.nyanide.com,2
shitposter.world,brotka.st,3
piggo.space,pleroma.viridianpatriots.com,1
final.town,labyrinth.zone,1
gearlandia.haus,detroitriotcity.com,2
detroitriotcity.com,lab.nyanide.com,1
detroitriotcity.com,gearlandia.haus,2
detroitriotcity.com,pieville.net,1
tomkahe.com,mastodon.online,1
shortstacksran.ch,eveningzoo.club,1
mstdn.ca,writing.exchange,2
mstdn.ca,cyberplace.social,3
social.xenofem.me,social.vlhl.dev,1
void.lgbt,fearness.org,1
detroitriotcity.com,ak.kyaruc.moe,1
tuiter.rocks,tuiter.rocks,1
masto.ink,social.noleron.com,1
amala.schwartzwelt.xyz,mitra.taihou.website,3
amala.schwartzwelt.xyz,poa.st,6
agora.echelon.pl,mas.to,1
growers.social,growers.social,4
mi.ap-log.net,mi.ap-log.net,3
mastodon.publicinterest.town,mastodon.publicinterest.town,2
pleroma.tcweb.org,mastodon.world,1
soc.hardwarepunk.de,mastodon.social,1
fedi.inclementaviary.uk,social.andreva.cc,2
smuganimeavatar.xyz,girlboss.gaslight.love,1
fedi.getimiskon.xyz,kafeneio.social,2
chaosfem.tw,sharkey.stellar.gay,2
eveningzoo.club,strelizia.net,1
girlboss.gaslight.love,mai.waifuism.life,4
social.immibis.com,chaos.social,1
social.wedistribute.org,indieweb.social,1
social.wedistribute.org,social.binarydad.com,1
sigmoid.social,sigmoid.social,4
mastodo.neoliber.al,mastodo.neoliber.al,3
gearlandia.haus,nicecrew.digital,7
ill.moe,dice.camp,1
clew.lol,clew.lol,8
clew.lol,shitposter.world,4
clew.lol,greatape.casa,2
clew.lol,pl.valkyrie.world,1
clew.lol,caekis.love,1
boymilk.cafe,netzsphaere.xyz,1
girlboss.gaslight.love,social.xenofem.me,1
mstdn.ca,botsin.space,1
slon.jmq.cz,chaos.social,1
social.fricklers.org,mastodontech.de,1
fedi.sphericalcow.space,beige.party,1
mstdn.ca,macaw.social,1
bemrose.social,boop.city,2
bemrose.social,liberal.city,1
mstdn.ca,social.librem.one,1
mstdn.ca,epsilon-ix.masto.host,3
charade.social,social.wedistribute.org,1
netzsphaere.xyz,wl0.9ch.nl,1
mstdn.ca,geeknews.chat,1
mstdn.ca,social.sachachua.com,1
mstdn.ca,towns.gay,1
mstdn.ca,labyrinth.zone,1
yourwalls.today,woem.men,1
yourwalls.today,social.translunar.academy,1
tuusin.misono-ya.info,tuusin.misono-ya.info,8
brain.worm.pink,social.linux.pizza,1
trilobite.space,trilobite.space,1
poliverso.org,livellosegreto.it,2
hellspawn.gay,kitsunes.club,2
hellspawn.gay,bark.lgbt,1
hellspawn.gay,enby.life,1
hellspawn.gay,catwithaclari.net,1
friendica.ca,hachyderm.io,1
annihilation.social,neon.nightbulb.net,1
annihilation.social,social.fbxl.net,2
fedi.furfag.biz,hai.z0ne.social,1
fedi.furfag.biz,eientei.org,2
fedi.furfag.biz,djsumdog.com,1
chaosfem.tw,chaos.social,2
clew.lol,ebiverse.social,1
mstdn.ca,masto.es,1
mstdn.ca,podvibes.co,1
annihilation.social,stereophonic.space,1
annihilation.social,mai.waifuism.life,1
postnstuffds.lol,clew.lol,3
postnstuffds.lol,majestic12.airforce,1
mstdn.ca,gamepad.club,2
mstdn.ca,shmg.online,2
brain.worm.pink,outerheaven.club,1
brain.worm.pink,transmom.love,1
mastodon.de,wehavecookies.social,1
pleroma.soykaf.com,pleroma.soykaf.com,2
pleroma.soykaf.com,pl.kotobank.ch,1
pleroma.soykaf.com,toot.berlin,1
is.badat.dev,is.badat.dev,3
fops.cloud,hollow.raccoon.quest,1
social.mynacol.xyz,infosec.exchange,2
gamerstavern.online,gamerstavern.online,1
mastodon.de,zug.network,1
mastodon.de,mstdn.social,1
social.net.ua,masto.ai,1
akk.fedcast.ch,skeptics.social,1
akk.fedcast.ch,mastodon.social,4
seal.cafe,clew.lol,2
pl.kitsunemimi.club,clew.lol,1
furries.club,furries.club,3
girlboss.gaslight.love,shitpost.cloud,1
class.lunanova.dev,shitposter.world,1
girlboss.gaslight.love,detroitriotcity.com,1
soapbox.midwaytrades.com,noauthority.social,1
amala.schwartzwelt.xyz,the.asbestos.cafe,1
aipub.social,aipub.social,5
amala.schwartzwelt.xyz,misskey.yandere.love,1
social.tudbut.de,chaos.social,1
eientei.org,eveningzoo.club,1
mstdn.ca,eightpoint.app,2
mstdn.ca,bne.social,2
mstdn.ca,tenforward.social,6
expressional.social,nton.cx,1
donotsta.re,cutie.city,1
mstdn.ca,bananachips.club,2
mstdn.ca,neko.cat,1
chaosfem.tw,mastodon.nl,2
mstdn.ca,toot.dusepo.co.uk,1
skol.social,skol.social,5
fedi.reimu.info,mas.to,1
social.anufrij.de,social.anufrij.de,1
social.genya0407.link,social.genya0407.link,3
mstdn.ca,corneill.es,1
mstdn.ca,mastodon.roundpond.net,1
fe.disroot.org,fe.disroot.org,3
udongein.xyz,mastodon.ml,1
mstdn.ca,forall.social,1
mstdn.ca,pxlmo.com,1
brain.worm.pink,twipped.social,1
eveningzoo.club,mugicha.club,10
eveningzoo.club,ebiverse.social,2
eveningzoo.club,shitpost.cloud,1
tuusin.misono-ya.info,shitpost.cloud,3
tuusin.misono-ya.info,varishangout.net,1
tuusin.misono-ya.info,nicecrew.digital,1
tuusin.misono-ya.info,wl0.9ch.nl,1
tuusin.misono-ya.info,post.ebin.club,2
tuusin.misono-ya.info,clubcyberia.co,1
tuusin.misono-ya.info,pl.ebin.zone,1
tuusin.misono-ya.info,cawfee.club,2
mstdn.ca,maly.io,1
netzsphaere.xyz,lizards.live,2
eveningzoo.club,mostr.pub,1
eveningzoo.club,social.bau-ha.us,1
mstdn.ca,fiera.social,1
shigusegubu.club,post.ebin.club,1
decayable.ink,wolfgirl.bar,2
decayable.ink,www.minds.com,1
56k.dile-up.nl,akko.wtf,1
mstdn.ca,sharkey.stellar.gay,1
mastodon.de,toot.berlin,1
mastodon.de,mk.absturztau.be,2
expressional.social,miau.jeder.pl,2
expressional.social,toot.kuba-orlik.name,1
detroitriotcity.com,eveningzoo.club,1
en.osm.town,en.osm.town,16
eientei.org,social.autism.net.ru,1
eientei.org,cum.salon,1
jasette.facil.services,jasette.facil.services,1
mstdn.ca,hellions.cloud,1
mstdn.ca,agora.echelon.pl,1
void.lgbt,fedi.bungle.online,1
mstdn.ca,blahaj.zone,2
fedi.furfag.biz,mitra.taihou.website,2
mstdn.ca,micro.sadlerjw.com,2
mstdn.ca,front-end.social,1
seal.cafe,www.minds.com,1
clew.lol,misskey.yandere.love,1
brain.worm.pink,greatape.casa,2
ak.ari.lt,kitsunes.club,1
ak.ari.lt,labyrinth.zone,1
ak.ari.lt,toot.kif.rocks,1
ak.ari.lt,social.theycallhermax.tech,1
ak.ari.lt,social.treehouse.systems,1
ak.ari.lt,xyzzy.link,1
spinster.xyz,annihilation.social,1
socially.drinkingatmy.computer,stereophonic.space,1
pleroma.breizh.pm,mastodon.social,1
social.wedistribute.org,mastodon.online,1
musicworld.social,musicworld.social,3
shigusegubu.club,mastodon.cloud,1
shigusegubu.club,pl.valkyrie.world,1
brain.worm.pink,woem.men,1
mstdn.ca,scicomm.xyz,1
mstdn.ca,syzito.xyz,1
mstdn.ca,toot.pikopublish.ing,1
inanimate.brainworms.nl,fedi.fabrykajabo.li,1
mstdn.ca,social.chatty.monster,2
annihilation.social,icy.wyvern.rip,1
annihilation.social,gigaohm.bio,2
annihilation.social,gameliberty.club,1
lewacki.space,lewacki.space,5
girlboss.gaslight.love,eveningzoo.club,2
pandapla.net,pandapla.net,8
floofy.tech,scalie.club,2
connectified.com,connectified.com,3
mstdn.ca,ngmx.com,1
mstdn.ca,mycrowd.ca,1
mstdn.ca,metalhead.club,1
rockcd.jp,rockcd.jp,4
a2mi.social,a2mi.social,3
eientei.org,freeatlantis.com,2
netzsphaere.xyz,parcero.bond,1
netzsphaere.xyz,noauthority.social,2
social.tudbut.de,tech.lgbt,1
shortstacksran.ch,regenerate.social,1
kooapp.org,wizard.casa,1
shitpost.cloud,bitbang.social,1
socially.drinkingatmy.computer,fedi.furfag.biz,1
socially.drinkingatmy.computer,princess.wedding,1
socially.drinkingatmy.computer,shitposter.world,1
expressional.social,60228.dev,1
soc.rnrd.eu,infosec.exchange,1
post.ebin.club,pl.ebin.zone,1
freesoftwareextremist.com,eientei.org,1
9kb.me,9kb.me,6
whinge.town,shrine.moe,1
federated.saagarjha.com,mastodon.social,2
freesoftwareextremist.com,mastodon.nzoss.nz,1
freesoftwareextremist.com,sacred.harpy.faith,4
gearlandia.haus,wolfgirl.bar,2
chaosfem.tw,union.place,1
chaosfem.tw,blob.love,1
mstdn.ca,iaccessibility.social,2
mstdn.ca,mast.lat,1
mstdn.ca,bitbang.social,1
mastodon.stickbear.me,pagan.plus,1
gigaohm.bio,stream.gigaohm.bio,2
girlboss.gaslight.love,socially.drinkingatmy.computer,3
girlboss.gaslight.love,shota.house,3
girlboss.gaslight.love,wetdry.world,1
social.freedom.press,social.freedom.press,10
crumb.lt,ak.ari.lt,2
whinge.town,gearlandia.haus,1
girlboss.gaslight.love,majestic12.airforce,1
mstdn.ca,masto.nyc,1
mstdn.ca,pdx.social,1
mstdn.ca,vis.social,1
chaosfem.tw,hackers.town,1
akko.wtf,mk.absturztau.be,3
annihilation.social,pl.kotobank.ch,2
social.nomagic.uk,social.nomagic.uk,2
mstdn.ca,shredderfood.com,1
mstdn.ca,pnw.zone,1
mstdn.ca,my-spaces.social,1
mstdn.ca,dobbs.town,2
annihilation.social,astrodon.social,1
clew.lol,eientei.org,2
mstdn.ca,donotsta.re,1
mstdn.ca,furry.engineer,1
corteximplant.net,corteximplant.com,1
corteximplant.net,xarxa.cloud,2
corteximplant.net,masto.ai,1
nationalist.social,nationalist.social,1
akko.isabelroses.com,catgirl.farm,1
fe.disroot.org,social.nekoea.red,1
fe.disroot.org,mastodon.online,1
mstdn.ca,mastodon.ar.al,1
mstdn.ca,bsd.network,4
mstdn.ca,social.butnot.today,1
norwoodzero.net,ak.kyaruc.moe,1
declin.eu,soc.sekundenklebertransportverbot.de,1
tuusin.misono-ya.info,sacred.harpy.faith,27
tuusin.misono-ya.info,declin.eu,1
wspanialy.eu,pol.social,1
lain.com,mk.absturztau.be,1
mastodon.murkworks.net,mastodon.murkworks.net,4
mstdn.ca,fed.interfree.ca,1
mstdn.ca,goblin.camp,1
mstdn.ca,indieauthors.social,1
mstdn.ca,wellduck.me,1
expressional.social,friend.camp,1
expressional.social,octodon.social,1
expressional.social,pagan.plus,1
mstdn.ca,procrastodon.net,1
mstdn.ca,social.wildeboer.net,2
junimo.party,mastodon.cloud,2
junimo.party,mastodon.social,1
56k.dile-up.nl,56k.dile-up.nl,2
void.lgbt,woem.men,1
mastodon.de,squeet.me,1
mastodon.de,jvm.social,1
ak.ari.lt,troet.cafe,2
mastodon.stickbear.me,mstdn.social,1
mstdn.ca,mastodon.laurenweinstein.org,1
brain.worm.pink,fedi.layer02.net,1
brain.worm.pink,fedi.furfag.biz,2
hellspawn.gay,social.fbxl.net,1
annihilation.social,mugicha.club,6
librosphere.fr,rebel.ar,6
librosphere.fr,mastodon.online,1
historians.social,historians.social,3
akko.wtf,layer8.space,1
mastoart.social,mastoart.social,1
comp.lain.la,yourwalls.today,1
lounge.town,lounge.town,1
neenster.org,spinster.xyz,1
mu.zaitcev.nu,shitposter.world,1
xn--p1abe3d.xn--80asehdb,varishangout.net,2
snack.social,oldbytes.space,1
social.kernel.org,pkutalk.com,1
schmaker.eu,mstdn.social,1
fabler.su,mastodon.online,1
a.nti.social,mastodon.social,1
friends.librescrum.org,chaos.social,1
fedi.xaloc.space,masto.es,1
couch.beerriot.com,hachyderm.io,1
dica.interfel.de,chaos.social,1
social.fricklers.org,norden.social,1
fedi.sphericalcow.space,mastodon.social,1
fedi.treeoflifecomic.com,detroitriotcity.com,1
social.teia.bio.br,capivarinha.club,1
social.luxiferapp.com,hostux.social,1
gamache.org,fosstodon.org,1
social.tidusfox9.online,mastodon.gamedev.place,1
ponder.a.reallybigh.at,ponder.a.reallybigh.at,3
akko.contref.eu,indieweb.social,1
dsc.re,mastodon.social,1
social.flaig.name,mastodon.social,1
fedi.mischivous.com,digipres.club,1
social.zoski.fr,hostux.social,2
social.emarhavil.com,hachyderm.io,1
social.minbash.de,mastodon.social,1
social.joostagterhoek.nl,infosec.exchange,1
social.wittemeier.de,mastodon.social,1
barat.fedi-verse.hu,akk.fedcast.ch,1
shitposter.world,greatape.casa,3
shitposter.world,blob.cat,2
chaosfem.tw,yiff.life,2
shitpost.cloud,annihilation.social,1
fops.cloud,mastodon.social,1
fe.disroot.org,blob.love,1
brain.worm.pink,girlboss.gaslight.love,1
jam.xwx.moe,esperanto.masto.host,1
fedibird.com,fedibird.com,4
lingo.lol,lingo.lol,1
social.vlhl.dev,hellspawn.gay,8
social.vlhl.dev,mastodon.balamb.fr,1
social.vlhl.dev,ieji.de,1
mstdn.ca,social.sdf.org,2
tsukihi.me,eightpoint.app,1
suyasuya.love,suyasuya.love,3
allovertheplace.ca,dragonscave.space,3
jollyville.net,noauthority.social,1
shitposter.world,threads.net,3
blog.taursnd.haus,mastodon.social,1
shitposter.world,caekis.love,1
akko.quad.moe,social.shadowkat.net,3
mstdn.ca,techopolis.social,1
toot.bldrweb.org,mastodon.social,1
shitposter.world,misskey.yandere.love,1
shitposter.world,shota.house,2
shitposter.world,raru.re,1
shitposter.world,brain.worm.pink,1
shitposter.world,shrine.moe,2
shitposter.world,suya.place,2
shitposter.world,baraag.net,1
shitposter.world,ebiverse.social,1
social.kernel.org,framapiaf.org,1
social.kernel.org,ma.fellr.net,1
f.lapo.it,cyberplace.social,1
expressional.social,assortedflotsam.com,2
norwoodzero.net,nicecrew.digital,1
social.wuatek.is,furry.engineer,1
social.wuatek.is,social.stealthy.club,1
shigusegubu.club,uwu.mikkonen.com,1
eientei.org,lab.nyanide.com,1
flx.masto.host,flx.masto.host,3
mstdn.ca,them.cheeky.wales,1
mstdn.ca,social.undrground.org,1
donotsta.re,is.badat.dev,4
oddprocess.social,mastodon.online,1
social.gemnoc.ca,mastodon.nl,1
plaza.vaporpolis.net,chaos.social,1
starside.social,starside.social,9
mstdn.ca,social.hodgson.io,1
mstdn.ca,mastodon.opportunis.me,1
sacred.harpy.faith,shitposter.world,2
socl.bz,socl.bz,6
chaosfem.tw,wandering.shop,1
chaosfem.tw,thehappyfamily.stream,1
federated.saagarjha.com,social.shadowfacts.net,1
federated.saagarjha.com,social.treehouse.systems,2
pl.pube.tk,tuusin.misono-ya.info,1
mstdn.ca,piaille.fr,1
chaosfem.tw,fire.asta.lgbt,1
chaosfem.tw,adhd.irenes.space,1
mstd.seungjin.net,mstd.seungjin.net,2
mstdn.ca,social.treehouse.systems,1
mstdn.ca,plasmatrap.com,1
mstdn.ca,o3o.ca,1
oomfie.city,labyrinth.zone,1
mstdn.ca,mast.yourautisticlife.com,1
corteximplant.net,frikiverse.zone,1
hi.nighten.fr,mastodon.art,1
akko.wtf,fosstodon.org,1
akko.wtf,akko.isabelroses.com,1
junimo.party,wetdry.world,1
akk.fedcast.ch,anonsys.net,2
fe.disroot.org,toot-lab.reclaim.technology,1
fe.disroot.org,misskey.io,1
mastodon.de,social.bund.de,1
precure.ml,mi.nakn.jp,1
mastodon.de,d-64.social,1
mastodon.de,todon.eu,1
mastodon.de,colearn.social,1
whinge.town,raru.re,1
kitty.haus,mas.to,1
social.xenofem.me,comp.lain.la,1
social.xenofem.me,ebiverse.social,1
social.xenofem.me,shitposter.world,1
detroitriotcity.com,0.5dollah.click,1
floofy.tech,arff.archandle.net,1
floofy.tech,critter.cafe,1
clew.lol,gameliberty.club,1
clew.lol,mastodon.social,1
norwoodzero.net,lab.nyanide.com,5
gearlandia.haus,misskey.yandere.love,1
social.xenofem.me,fedi.layer02.net,1
hellspawn.gay,cooltrans.men,1
hellspawn.gay,meow.social,1
bonequest.net,bonequest.net,3
shigusegubu.club,queer.hacktivis.me,1
shigusegubu.club,outerheaven.club,1
shigusegubu.club,pleroma.soykaf.com,1
pleroma.soykaf.com,blovice.bahnhof.cz,1
mstdn.business,mstdn.business,2
spinster.xyz,rcsocial.net,1
shitpost.cloud,spinster.xyz,1
shitpost.cloud,pieville.net,1
mstdn.ca,fatlads.lol,1
librosphere.fr,mastodon.la,4
librosphere.fr,social.treehouse.systems,2
chaosfem.tw,lgbtqia.space,1
chaosfem.tw,techhub.social,1
pl.dav1d.xyz,annihilation.social,3
infosec.place,infosec.exchange,1
seal.cafe,eveningzoo.club,1
pleroma.xyenon.bid,o3o.ca,1
mstdn.ca,jawns.club,1
mstdn.ca,toot-lab.reclaim.technology,1
mstdn.ca,mstdn.jp,1
freesoftwareextremist.com,nicecrew.digital,1
mstdn.ca,disobey.net,1
gearlandia.haus,shitposter.world,1
fedi.feministwiki.org,catgirl.rehab,1
fedi.feministwiki.org,fosstodon.org,1
annihilation.social,catzclips.loforo.com,1
annihilation.social,shota.house,1
ak.ari.lt,chaos.social,1
ak.ari.lt,blackstar.cafe,2
mastodon.coffee,mastodon.coffee,3
eientei.org,annihilation.social,2
postnstuffds.lol,annihilation.social,6
postnstuffds.lol,parcero.bond,1
postnstuffds.lol,shitposter.world,3
mstdn.ca,cheeseburger.social,1
mstdn.ca,htt.social,1
mstdn.ca,video.canadiancivil.com,1
akk.fedcast.ch,moppels.bar,3
korora.social,fosstodon.org,1
netzsphaere.xyz,hai.z0ne.social,1
theatrez.day,theatrez.day,7
federated.saagarjha.com,federated.saagarjha.com,1
federated.saagarjha.com,infosec.exchange,1
expressional.social,mastodon.com.pl,1
eveningzoo.club,merovingian.club,1
pleroma.lovetocode999.xyz,8ballsystem.gay,3
chaosfem.tw,universeodon.com,1
mastodon.stickbear.me,disabled.social,1
friendica.eskimo.com,mstdn.social,1
friendica.eskimo.com,arvr.social,1
friendica.eskimo.com,varishangout.net,1
friendica.eskimo.com,despora.de,4
freesoftwareextremist.com,nondeterministic.computer,1
kill-corporations.enterprises,mk.noob.quest,1
mstdn.ca,cyberpunk.lol,1
mstdn.ca,mastodon.zaclys.com,1
akko.quad.moe,sogga.top,4
mastodon.palewi.re,mastodon.palewi.re,3
inanimate.brainworms.nl,tech.lgbt,1
inanimate.brainworms.nl,mastodon.hermitcollective.net,1
mstdn.ca,canada.masto.host,2
shigusegubu.club,mk.absturztau.be,1
shigusegubu.club,shrine.moe,1
shigusegubu.club,pl.ebin.zone,1
openbiblio.social,openbiblio.social,5
mastodon.de,mastodon.ie,1
mastodon.de,kinky.business,1
mastodon.de,lgbtqia.space,2
mastodon.de,berlin.social,1
mstdn.ca,libranigans.com,1
mstdn.ca,fedi.computernewb.com,1
friendica.eskimo.com,mstdn.ca,1
friendica.eskimo.com,ruby.social,1
friendica.eskimo.com,mas.to,1
friendica.eskimo.com,noauthority.social,1
friendica.eskimo.com,glaceon.social,1
mastodon.hakurei.win,mastodon.hakurei.win,3
annihilation.social,ryona.agency,6
decayable.ink,clubcyberia.co,1
brain.worm.pink,krigskunst.social,1
brain.worm.pink,fosstodon.org,1
posting.lolicon.rocks,posting.lolicon.rocks,1
mstdn.ca,friend.camp,1
mstdn.ca,syringa.social,1
yourwalls.today,forcefemm.ing,1
spinster.xyz,neenster.org,1
mstdn.ca,speedlines.stctp.zone,1
gearlandia.haus,mitra.taihou.website,1
mastodon.de,procial.tchncs.de,1
mastodon.de,punk.cyber77.de,2
fe.disroot.org,bcn.fedi.cat,1
social.dryusdan.fr,pleroma.breizh.pm,3
social.dryusdan.fr,piaille.fr,1
social.dryusdan.fr,ludosphere.fr,1
soc.feditime.com,eigenmagic.net,1
mstdn.ca,warhammer.social,1
roma.sodo-shed.com,misskey.io,1
hellspawn.gay,lunar.place,1
hellspawn.gay,talk.marq42.xyz,1
hellspawn.gay,misskey.bubbletea.dev,1
fabler.su,mastodon.social,1
mastodon.stickbear.me,social.stealthy.club,3
piggo.space,blovice.bahnhof.cz,3
piggo.space,piggo.space,1
piggo.space,schmaker.eu,1
amala.schwartzwelt.xyz,mugicha.club,1
postnstuffds.lol,shitpost.cloud,1
social.xenofem.me,assemblag.es,1
pkteerium.xyz,pkteerium.xyz,1
